Branch,Name,Display Type,Dialogue Text,Locked In Dialogue,Variable To Set,Variable Value,Next Branch,Condition,Conditional Next Branch,R1 Text,R1 Is Impulsive Response,R1 Spawn Condition,R1 Variable To Set,R1 Variable Value,R1 Next Branch,R2 Text,R2 Is Impulsive Response,R2 Spawn Condition,R2 Variable To Set,R2 Variable Value,R2 Next Branch,R3 Text,R3 Is Impulsive Response,R3 Spawn Condition,R3 Variable To Set,R3 Variable Value,R3 Next Branch
S1,Phone,Fullscreen,,FALSE,,,S2,1111_DIALED,P1,,FALSE,,,,,,FALSE,,,,,,FALSE,,,,
S2,,Fullscreen,...{pause 2},FALSE,,,N1,1122_DIALED,F1,,FALSE,,,,,,FALSE,,,,,,FALSE,,,,
,,,POD CALLED,FALSE,,,,,,,FALSE,,,,,,FALSE,,,,,,FALSE,,,,
P1,,Fullscreen,The door beside you slides open{pause 1},FALSE,,,END,,,,FALSE,,,,,,FALSE,,,,,,FALSE,,,,
,,,NO ANSWER,FALSE,,,,,,,FALSE,,,,,,FALSE,,,,,,FALSE,,,,
N1,,Fullscreen,No one picks up,FALSE,,,,,,[i]hang up[/i],FALSE,,,,END,,FALSE,,,,,,FALSE,,,,
,,,FRAUD,FALSE,,,,,,,FALSE,,,,,,FALSE,,,,,,FALSE,,,,
F1,,Fullscreen,hiiiiiiiiiii,FALSE,,,,,,hey fraud,FALSE,,,,F2,,FALSE,,,,,,FALSE,,,,
F2,,Fullscreen,byeeeeeeeeee,FALSE,,,,,,...,FALSE,,,,END,,FALSE,,,,,,FALSE,,,,
,,,,FALSE,,,,,,,FALSE,,,,,,FALSE,,,,,,FALSE,,,,
,,,,FALSE,,,,,,,FALSE,,,,,,FALSE,,,,,,FALSE,,,,
,,,,FALSE,,,,,,,FALSE,,,,,,FALSE,,,,,,FALSE,,,,
,,,,FALSE,,,,,,,FALSE,,,,,,FALSE,,,,,,FALSE,,,,
,,,,FALSE,,,,,,,FALSE,,,,,,FALSE,,,,,,FALSE,,,,
,,,,FALSE,,,,,,,FALSE,,,,,,FALSE,,,,,,FALSE,,,,
,,,,FALSE,,,,,,,FALSE,,,,,,FALSE,,,,,,FALSE,,,,
,,,,FALSE,,,,,,,FALSE,,,,,,FALSE,,,,,,FALSE,,,,
,,,,FALSE,,,,,,,FALSE,,,,,,FALSE,,,,,,FALSE,,,,
,,,,FALSE,,,,,,,FALSE,,,,,,FALSE,,,,,,FALSE,,,,
,,,,FALSE,,,,,,,FALSE,,,,,,FALSE,,,,,,FALSE,,,,
,,,,FALSE,,,,,,,FALSE,,,,,,FALSE,,,,,,FALSE,,,,
,,,,FALSE,,,,,,,FALSE,,,,,,FALSE,,,,,,FALSE,,,,
,,,,FALSE,,,,,,,FALSE,,,,,,FALSE,,,,,,FALSE,,,,
,,,,FALSE,,,,,,,FALSE,,,,,,FALSE,,,,,,FALSE,,,,
,,,,FALSE,,,,,,,FALSE,,,,,,FALSE,,,,,,FALSE,,,,
,,,,FALSE,,,,,,,FALSE,,,,,,FALSE,,,,,,FALSE,,,,
,,,,FALSE,,,,,,,FALSE,,,,,,FALSE,,,,,,FALSE,,,,
,,,,FALSE,,,,,,,FALSE,,,,,,FALSE,,,,,,FALSE,,,,
,,,,FALSE,,,,,,,FALSE,,,,,,FALSE,,,,,,FALSE,,,,
,,,,FALSE,,,,,,,FALSE,,,,,,FALSE,,,,,,FALSE,,,,
,,,,FALSE,,,,,,,FALSE,,,,,,FALSE,,,,,,FALSE,,,,
,,,,FALSE,,,,,,,FALSE,,,,,,FALSE,,,,,,FALSE,,,,
,,,,FALSE,,,,,,,FALSE,,,,,,FALSE,,,,,,FALSE,,,,
,,,,FALSE,,,,,,,FALSE,,,,,,FALSE,,,,,,FALSE,,,,
,,,,FALSE,,,,,,,FALSE,,,,,,FALSE,,,,,,FALSE,,,,
,,,,FALSE,,,,,,,FALSE,,,,,,FALSE,,,,,,FALSE,,,,
,,,,FALSE,,,,,,,FALSE,,,,,,FALSE,,,,,,FALSE,,,,
,,,,FALSE,,,,,,,FALSE,,,,,,FALSE,,,,,,FALSE,,,,
,,,,FALSE,,,,,,,FALSE,,,,,,FALSE,,,,,,FALSE,,,,
,,,,FALSE,,,,,,,FALSE,,,,,,FALSE,,,,,,FALSE,,,,
,,,,FALSE,,,,,,,FALSE,,,,,,FALSE,,,,,,FALSE,,,,
,,,,FALSE,,,,,,,FALSE,,,,,,FALSE,,,,,,FALSE,,,,
,,,,FALSE,,,,,,,FALSE,,,,,,FALSE,,,,,,FALSE,,,,
,,,,FALSE,,,,,,,FALSE,,,,,,FALSE,,,,,,FALSE,,,,
,,,,FALSE,,,,,,,FALSE,,,,,,FALSE,,,,,,FALSE,,,,
,,,,FALSE,,,,,,,FALSE,,,,,,FALSE,,,,,,FALSE,,,,
,,,,FALSE,,,,,,,FALSE,,,,,,FALSE,,,,,,FALSE,,,,
,,,,FALSE,,,,,,,FALSE,,,,,,FALSE,,,,,,FALSE,,,,
,,,,FALSE,,,,,,,FALSE,,,,,,FALSE,,,,,,FALSE,,,,
,,,,FALSE,,,,,,,FALSE,,,,,,FALSE,,,,,,FALSE,,,,
,,,,FALSE,,,,,,,FALSE,,,,,,FALSE,,,,,,FALSE,,,,
,,,,FALSE,,,,,,,FALSE,,,,,,FALSE,,,,,,FALSE,,,,
,,,,FALSE,,,,,,,FALSE,,,,,,FALSE,,,,,,FALSE,,,,
,,,,FALSE,,,,,,,FALSE,,,,,,FALSE,,,,,,FALSE,,,,
,,,,FALSE,,,,,,,FALSE,,,,,,FALSE,,,,,,FALSE,,,,
,,,,FALSE,,,,,,,FALSE,,,,,,FALSE,,,,,,FALSE,,,,
,,,,FALSE,,,,,,,FALSE,,,,,,FALSE,,,,,,FALSE,,,,
,,,,FALSE,,,,,,,FALSE,,,,,,FALSE,,,,,,FALSE,,,,
,,,,FALSE,,,,,,,FALSE,,,,,,FALSE,,,,,,FALSE,,,,
,,,,FALSE,,,,,,,FALSE,,,,,,FALSE,,,,,,FALSE,,,,
,,,,FALSE,,,,,,,FALSE,,,,,,FALSE,,,,,,FALSE,,,,
,,,,FALSE,,,,,,,FALSE,,,,,,FALSE,,,,,,FALSE,,,,
,,,,FALSE,,,,,,,FALSE,,,,,,FALSE,,,,,,FALSE,,,,
,,,,FALSE,,,,,,,FALSE,,,,,,FALSE,,,,,,FALSE,,,,
,,,,FALSE,,,,,,,FALSE,,,,,,FALSE,,,,,,FALSE,,,,
,,,,FALSE,,,,,,,FALSE,,,,,,FALSE,,,,,,FALSE,,,,
,,,,FALSE,,,,,,,FALSE,,,,,,FALSE,,,,,,FALSE,,,,
,,,,FALSE,,,,,,,FALSE,,,,,,FALSE,,,,,,FALSE,,,,
,,,,FALSE,,,,,,,FALSE,,,,,,FALSE,,,,,,FALSE,,,,
,,,,FALSE,,,,,,,FALSE,,,,,,FALSE,,,,,,FALSE,,,,
,,,,FALSE,,,,,,,FALSE,,,,,,FALSE,,,,,,FALSE,,,,
,,,,FALSE,,,,,,,FALSE,,,,,,FALSE,,,,,,FALSE,,,,
,,,,FALSE,,,,,,,FALSE,,,,,,FALSE,,,,,,FALSE,,,,
,,,,FALSE,,,,,,,FALSE,,,,,,FALSE,,,,,,FALSE,,,,
,,,,FALSE,,,,,,,FALSE,,,,,,FALSE,,,,,,FALSE,,,,
,,,,FALSE,,,,,,,FALSE,,,,,,FALSE,,,,,,FALSE,,,,
,,,,FALSE,,,,,,,FALSE,,,,,,FALSE,,,,,,FALSE,,,,
,,,,FALSE,,,,,,,FALSE,,,,,,FALSE,,,,,,FALSE,,,,
,,,,FALSE,,,,,,,FALSE,,,,,,FALSE,,,,,,FALSE,,,,
,,,,FALSE,,,,,,,FALSE,,,,,,FALSE,,,,,,FALSE,,,,
,,,,FALSE,,,,,,,FALSE,,,,,,FALSE,,,,,,FALSE,,,,
,,,,FALSE,,,,,,,FALSE,,,,,,FALSE,,,,,,FALSE,,,,
,,,,FALSE,,,,,,,FALSE,,,,,,FALSE,,,,,,FALSE,,,,
,,,,FALSE,,,,,,,FALSE,,,,,,FALSE,,,,,,FALSE,,,,
,,,,FALSE,,,,,,,FALSE,,,,,,FALSE,,,,,,FALSE,,,,
,,,,FALSE,,,,,,,FALSE,,,,,,FALSE,,,,,,FALSE,,,,
,,,,FALSE,,,,,,,FALSE,,,,,,FALSE,,,,,,FALSE,,,,
,,,,FALSE,,,,,,,FALSE,,,,,,FALSE,,,,,,FALSE,,,,
,,,,FALSE,,,,,,,FALSE,,,,,,FALSE,,,,,,FALSE,,,,
,,,,FALSE,,,,,,,FALSE,,,,,,FALSE,,,,,,FALSE,,,,
,,,,FALSE,,,,,,,FALSE,,,,,,FALSE,,,,,,FALSE,,,,
,,,,FALSE,,,,,,,FALSE,,,,,,FALSE,,,,,,FALSE,,,,
,,,,FALSE,,,,,,,FALSE,,,,,,FALSE,,,,,,FALSE,,,,
,,,,FALSE,,,,,,,FALSE,,,,,,FALSE,,,,,,FALSE,,,,
,,,,FALSE,,,,,,,FALSE,,,,,,FALSE,,,,,,FALSE,,,,
,,,,FALSE,,,,,,,FALSE,,,,,,FALSE,,,,,,FALSE,,,,
,,,,FALSE,,,,,,,FALSE,,,,,,FALSE,,,,,,FALSE,,,,
,,,,FALSE,,,,,,,FALSE,,,,,,FALSE,,,,,,FALSE,,,,
,,,,FALSE,,,,,,,FALSE,,,,,,FALSE,,,,,,FALSE,,,,
,,,,FALSE,,,,,,,FALSE,,,,,,FALSE,,,,,,FALSE,,,,
,,,,FALSE,,,,,,,FALSE,,,,,,FALSE,,,,,,FALSE,,,,
,,,,FALSE,,,,,,,FALSE,,,,,,FALSE,,,,,,FALSE,,,,
,,,,FALSE,,,,,,,FALSE,,,,,,FALSE,,,,,,FALSE,,,,
,,,,FALSE,,,,,,,FALSE,,,,,,FALSE,,,,,,FALSE,,,,
,,,,FALSE,,,,,,,FALSE,,,,,,FALSE,,,,,,FALSE,,,,
,,,,FALSE,,,,,,,FALSE,,,,,,FALSE,,,,,,FALSE,,,,
,,,,FALSE,,,,,,,FALSE,,,,,,FALSE,,,,,,FALSE,,,,
,,,,FALSE,,,,,,,FALSE,,,,,,FALSE,,,,,,FALSE,,,,
,,,,FALSE,,,,,,,FALSE,,,,,,FALSE,,,,,,FALSE,,,,
,,,,FALSE,,,,,,,FALSE,,,,,,FALSE,,,,,,FALSE,,,,
,,,,FALSE,,,,,,,FALSE,,,,,,FALSE,,,,,,FALSE,,,,
,,,,FALSE,,,,,,,FALSE,,,,,,FALSE,,,,,,FALSE,,,,
,,,,FALSE,,,,,,,FALSE,,,,,,FALSE,,,,,,FALSE,,,,
,,,,FALSE,,,,,,,FALSE,,,,,,FALSE,,,,,,FALSE,,,,
,,,,FALSE,,,,,,,FALSE,,,,,,FALSE,,,,,,FALSE,,,,
,,,,FALSE,,,,,,,FALSE,,,,,,FALSE,,,,,,FALSE,,,,
,,,,FALSE,,,,,,,FALSE,,,,,,FALSE,,,,,,FALSE,,,,
,,,,FALSE,,,,,,,FALSE,,,,,,FALSE,,,,,,FALSE,,,,
,,,,FALSE,,,,,,,FALSE,,,,,,FALSE,,,,,,FALSE,,,,
,,,,FALSE,,,,,,,FALSE,,,,,,FALSE,,,,,,FALSE,,,,
,,,,FALSE,,,,,,,FALSE,,,,,,FALSE,,,,,,FALSE,,,,
,,,,FALSE,,,,,,,FALSE,,,,,,FALSE,,,,,,FALSE,,,,
,,,,FALSE,,,,,,,FALSE,,,,,,FALSE,,,,,,FALSE,,,,
,,,,FALSE,,,,,,,FALSE,,,,,,FALSE,,,,,,FALSE,,,,
,,,,FALSE,,,,,,,FALSE,,,,,,FALSE,,,,,,FALSE,,,,
,,,,FALSE,,,,,,,FALSE,,,,,,FALSE,,,,,,FALSE,,,,
,,,,FALSE,,,,,,,FALSE,,,,,,FALSE,,,,,,FALSE,,,,
,,,,FALSE,,,,,,,FALSE,,,,,,FALSE,,,,,,FALSE,,,,
,,,,FALSE,,,,,,,FALSE,,,,,,FALSE,,,,,,FALSE,,,,
,,,,FALSE,,,,,,,FALSE,,,,,,FALSE,,,,,,FALSE,,,,
,,,,FALSE,,,,,,,FALSE,,,,,,FALSE,,,,,,FALSE,,,,
,,,,FALSE,,,,,,,FALSE,,,,,,FALSE,,,,,,FALSE,,,,
,,,,FALSE,,,,,,,FALSE,,,,,,FALSE,,,,,,FALSE,,,,
,,,,FALSE,,,,,,,FALSE,,,,,,FALSE,,,,,,FALSE,,,,
,,,,FALSE,,,,,,,FALSE,,,,,,FALSE,,,,,,FALSE,,,,
,,,,FALSE,,,,,,,FALSE,,,,,,FALSE,,,,,,FALSE,,,,
,,,,FALSE,,,,,,,FALSE,,,,,,FALSE,,,,,,FALSE,,,,
,,,,FALSE,,,,,,,FALSE,,,,,,FALSE,,,,,,FALSE,,,,
,,,,FALSE,,,,,,,FALSE,,,,,,FALSE,,,,,,FALSE,,,,
,,,,FALSE,,,,,,,FALSE,,,,,,FALSE,,,,,,FALSE,,,,
,,,,FALSE,,,,,,,FALSE,,,,,,FALSE,,,,,,FALSE,,,,
,,,,FALSE,,,,,,,FALSE,,,,,,FALSE,,,,,,FALSE,,,,
,,,,FALSE,,,,,,,FALSE,,,,,,FALSE,,,,,,FALSE,,,,
,,,,FALSE,,,,,,,FALSE,,,,,,FALSE,,,,,,FALSE,,,,
,,,,FALSE,,,,,,,FALSE,,,,,,FALSE,,,,,,FALSE,,,,
,,,,FALSE,,,,,,,FALSE,,,,,,FALSE,,,,,,FALSE,,,,
,,,,FALSE,,,,,,,FALSE,,,,,,FALSE,,,,,,FALSE,,,,
,,,,FALSE,,,,,,,FALSE,,,,,,FALSE,,,,,,FALSE,,,,
,,,,FALSE,,,,,,,FALSE,,,,,,FALSE,,,,,,FALSE,,,,
,,,,FALSE,,,,,,,FALSE,,,,,,FALSE,,,,,,FALSE,,,,
,,,,FALSE,,,,,,,FALSE,,,,,,FALSE,,,,,,FALSE,,,,
,,,,FALSE,,,,,,,FALSE,,,,,,FALSE,,,,,,FALSE,,,,
,,,,FALSE,,,,,,,FALSE,,,,,,FALSE,,,,,,FALSE,,,,
,,,,FALSE,,,,,,,FALSE,,,,,,FALSE,,,,,,FALSE,,,,
,,,,FALSE,,,,,,,FALSE,,,,,,FALSE,,,,,,FALSE,,,,
,,,,FALSE,,,,,,,FALSE,,,,,,FALSE,,,,,,FALSE,,,,
,,,,FALSE,,,,,,,FALSE,,,,,,FALSE,,,,,,FALSE,,,,
,,,,FALSE,,,,,,,FALSE,,,,,,FALSE,,,,,,FALSE,,,,
,,,,FALSE,,,,,,,FALSE,,,,,,FALSE,,,,,,FALSE,,,,
,,,,FALSE,,,,,,,FALSE,,,,,,FALSE,,,,,,FALSE,,,,
,,,,FALSE,,,,,,,FALSE,,,,,,FALSE,,,,,,FALSE,,,,
,,,,FALSE,,,,,,,FALSE,,,,,,FALSE,,,,,,FALSE,,,,
,,,,FALSE,,,,,,,FALSE,,,,,,FALSE,,,,,,FALSE,,,,
,,,,FALSE,,,,,,,FALSE,,,,,,FALSE,,,,,,FALSE,,,,
,,,,FALSE,,,,,,,FALSE,,,,,,FALSE,,,,,,FALSE,,,,
,,,,FALSE,,,,,,,FALSE,,,,,,FALSE,,,,,,FALSE,,,,
,,,,FALSE,,,,,,,FALSE,,,,,,FALSE,,,,,,FALSE,,,,
,,,,FALSE,,,,,,,FALSE,,,,,,FALSE,,,,,,FALSE,,,,
,,,,FALSE,,,,,,,FALSE,,,,,,FALSE,,,,,,FALSE,,,,
,,,,FALSE,,,,,,,FALSE,,,,,,FALSE,,,,,,FALSE,,,,
,,,,FALSE,,,,,,,FALSE,,,,,,FALSE,,,,,,FALSE,,,,
,,,,FALSE,,,,,,,FALSE,,,,,,FALSE,,,,,,FALSE,,,,
,,,,FALSE,,,,,,,FALSE,,,,,,FALSE,,,,,,FALSE,,,,
,,,,FALSE,,,,,,,FALSE,,,,,,FALSE,,,,,,FALSE,,,,
,,,,FALSE,,,,,,,FALSE,,,,,,FALSE,,,,,,FALSE,,,,
,,,,FALSE,,,,,,,FALSE,,,,,,FALSE,,,,,,FALSE,,,,
,,,,FALSE,,,,,,,FALSE,,,,,,FALSE,,,,,,FALSE,,,,
,,,,FALSE,,,,,,,FALSE,,,,,,FALSE,,,,,,FALSE,,,,
,,,,FALSE,,,,,,,FALSE,,,,,,FALSE,,,,,,FALSE,,,,
,,,,FALSE,,,,,,,FALSE,,,,,,FALSE,,,,,,FALSE,,,,
,,,,FALSE,,,,,,,FALSE,,,,,,FALSE,,,,,,FALSE,,,,
,,,,FALSE,,,,,,,FALSE,,,,,,FALSE,,,,,,FALSE,,,,
,,,,FALSE,,,,,,,FALSE,,,,,,FALSE,,,,,,FALSE,,,,
,,,,FALSE,,,,,,,FALSE,,,,,,FALSE,,,,,,FALSE,,,,
,,,,FALSE,,,,,,,FALSE,,,,,,FALSE,,,,,,FALSE,,,,
,,,,FALSE,,,,,,,FALSE,,,,,,FALSE,,,,,,FALSE,,,,
,,,,FALSE,,,,,,,FALSE,,,,,,FALSE,,,,,,FALSE,,,,
,,,,FALSE,,,,,,,FALSE,,,,,,FALSE,,,,,,FALSE,,,,
,,,,FALSE,,,,,,,FALSE,,,,,,FALSE,,,,,,FALSE,,,,
,,,,FALSE,,,,,,,FALSE,,,,,,FALSE,,,,,,FALSE,,,,
,,,,FALSE,,,,,,,FALSE,,,,,,FALSE,,,,,,FALSE,,,,
,,,,FALSE,,,,,,,FALSE,,,,,,FALSE,,,,,,FALSE,,,,
,,,,FALSE,,,,,,,FALSE,,,,,,FALSE,,,,,,FALSE,,,,
,,,,FALSE,,,,,,,FALSE,,,,,,FALSE,,,,,,FALSE,,,,
,,,,FALSE,,,,,,,FALSE,,,,,,FALSE,,,,,,FALSE,,,,
,,,,FALSE,,,,,,,FALSE,,,,,,FALSE,,,,,,FALSE,,,,
,,,,FALSE,,,,,,,FALSE,,,,,,FALSE,,,,,,FALSE,,,,
,,,,FALSE,,,,,,,FALSE,,,,,,FALSE,,,,,,FALSE,,,,
,,,,FALSE,,,,,,,FALSE,,,,,,FALSE,,,,,,FALSE,,,,
,,,,FALSE,,,,,,,FALSE,,,,,,FALSE,,,,,,FALSE,,,,
,,,,FALSE,,,,,,,FALSE,,,,,,FALSE,,,,,,FALSE,,,,
,,,,FALSE,,,,,,,FALSE,,,,,,FALSE,,,,,,FALSE,,,,
,,,,FALSE,,,,,,,FALSE,,,,,,FALSE,,,,,,FALSE,,,,
,,,,FALSE,,,,,,,FALSE,,,,,,FALSE,,,,,,FALSE,,,,
,,,,FALSE,,,,,,,FALSE,,,,,,FALSE,,,,,,FALSE,,,,
,,,,FALSE,,,,,,,FALSE,,,,,,FALSE,,,,,,FALSE,,,,
,,,,FALSE,,,,,,,FALSE,,,,,,FALSE,,,,,,FALSE,,,,
,,,,FALSE,,,,,,,FALSE,,,,,,FALSE,,,,,,FALSE,,,,
,,,,FALSE,,,,,,,FALSE,,,,,,FALSE,,,,,,FALSE,,,,
,,,,FALSE,,,,,,,FALSE,,,,,,FALSE,,,,,,FALSE,,,,
,,,,FALSE,,,,,,,FALSE,,,,,,FALSE,,,,,,FALSE,,,,
,,,,FALSE,,,,,,,FALSE,,,,,,FALSE,,,,,,FALSE,,,,
,,,,FALSE,,,,,,,FALSE,,,,,,FALSE,,,,,,FALSE,,,,
,,,,FALSE,,,,,,,FALSE,,,,,,FALSE,,,,,,FALSE,,,,
,,,,FALSE,,,,,,,FALSE,,,,,,FALSE,,,,,,FALSE,,,,
,,,,FALSE,,,,,,,FALSE,,,,,,FALSE,,,,,,FALSE,,,,
,,,,FALSE,,,,,,,FALSE,,,,,,FALSE,,,,,,FALSE,,,,
,,,,FALSE,,,,,,,FALSE,,,,,,FALSE,,,,,,FALSE,,,,
,,,,FALSE,,,,,,,FALSE,,,,,,FALSE,,,,,,FALSE,,,,
,,,,FALSE,,,,,,,FALSE,,,,,,FALSE,,,,,,FALSE,,,,
,,,,FALSE,,,,,,,FALSE,,,,,,FALSE,,,,,,FALSE,,,,
,,,,FALSE,,,,,,,FALSE,,,,,,FALSE,,,,,,FALSE,,,,
,,,,FALSE,,,,,,,FALSE,,,,,,FALSE,,,,,,FALSE,,,,
,,,,FALSE,,,,,,,FALSE,,,,,,FALSE,,,,,,FALSE,,,,
,,,,FALSE,,,,,,,FALSE,,,,,,FALSE,,,,,,FALSE,,,,
,,,,FALSE,,,,,,,FALSE,,,,,,FALSE,,,,,,FALSE,,,,
,,,,FALSE,,,,,,,FALSE,,,,,,FALSE,,,,,,FALSE,,,,
,,,,FALSE,,,,,,,FALSE,,,,,,FALSE,,,,,,FALSE,,,,
,,,,FALSE,,,,,,,FALSE,,,,,,FALSE,,,,,,FALSE,,,,
,,,,FALSE,,,,,,,FALSE,,,,,,FALSE,,,,,,FALSE,,,,
,,,,FALSE,,,,,,,FALSE,,,,,,FALSE,,,,,,FALSE,,,,
,,,,FALSE,,,,,,,FALSE,,,,,,FALSE,,,,,,FALSE,,,,
,,,,FALSE,,,,,,,FALSE,,,,,,FALSE,,,,,,FALSE,,,,
,,,,FALSE,,,,,,,FALSE,,,,,,FALSE,,,,,,FALSE,,,,
,,,,FALSE,,,,,,,FALSE,,,,,,FALSE,,,,,,FALSE,,,,
,,,,FALSE,,,,,,,FALSE,,,,,,FALSE,,,,,,FALSE,,,,
,,,,FALSE,,,,,,,FALSE,,,,,,FALSE,,,,,,FALSE,,,,
,,,,FALSE,,,,,,,FALSE,,,,,,FALSE,,,,,,FALSE,,,,
,,,,FALSE,,,,,,,FALSE,,,,,,FALSE,,,,,,FALSE,,,,
,,,,FALSE,,,,,,,FALSE,,,,,,FALSE,,,,,,FALSE,,,,
,,,,FALSE,,,,,,,FALSE,,,,,,FALSE,,,,,,FALSE,,,,
,,,,FALSE,,,,,,,FALSE,,,,,,FALSE,,,,,,FALSE,,,,
,,,,FALSE,,,,,,,FALSE,,,,,,FALSE,,,,,,FALSE,,,,
,,,,FALSE,,,,,,,FALSE,,,,,,FALSE,,,,,,FALSE,,,,
,,,,FALSE,,,,,,,FALSE,,,,,,FALSE,,,,,,FALSE,,,,
,,,,FALSE,,,,,,,FALSE,,,,,,FALSE,,,,,,FALSE,,,,
,,,,FALSE,,,,,,,FALSE,,,,,,FALSE,,,,,,FALSE,,,,
,,,,FALSE,,,,,,,FALSE,,,,,,FALSE,,,,,,FALSE,,,,
,,,,FALSE,,,,,,,FALSE,,,,,,FALSE,,,,,,FALSE,,,,
,,,,FALSE,,,,,,,FALSE,,,,,,FALSE,,,,,,FALSE,,,,
,,,,FALSE,,,,,,,FALSE,,,,,,FALSE,,,,,,FALSE,,,,
,,,,FALSE,,,,,,,FALSE,,,,,,FALSE,,,,,,FALSE,,,,
,,,,FALSE,,,,,,,FALSE,,,,,,FALSE,,,,,,FALSE,,,,
,,,,FALSE,,,,,,,FALSE,,,,,,FALSE,,,,,,FALSE,,,,
,,,,FALSE,,,,,,,FALSE,,,,,,FALSE,,,,,,FALSE,,,,
,,,,FALSE,,,,,,,FALSE,,,,,,FALSE,,,,,,FALSE,,,,
,,,,FALSE,,,,,,,FALSE,,,,,,FALSE,,,,,,FALSE,,,,
,,,,FALSE,,,,,,,FALSE,,,,,,FALSE,,,,,,FALSE,,,,
,,,,FALSE,,,,,,,FALSE,,,,,,FALSE,,,,,,FALSE,,,,
,,,,FALSE,,,,,,,FALSE,,,,,,FALSE,,,,,,FALSE,,,,
,,,,FALSE,,,,,,,FALSE,,,,,,FALSE,,,,,,FALSE,,,,
,,,,FALSE,,,,,,,FALSE,,,,,,FALSE,,,,,,FALSE,,,,
,,,,FALSE,,,,,,,FALSE,,,,,,FALSE,,,,,,FALSE,,,,
,,,,FALSE,,,,,,,FALSE,,,,,,FALSE,,,,,,FALSE,,,,
,,,,FALSE,,,,,,,FALSE,,,,,,FALSE,,,,,,FALSE,,,,
,,,,FALSE,,,,,,,FALSE,,,,,,FALSE,,,,,,FALSE,,,,
,,,,FALSE,,,,,,,FALSE,,,,,,FALSE,,,,,,FALSE,,,,
,,,,FALSE,,,,,,,FALSE,,,,,,FALSE,,,,,,FALSE,,,,
,,,,FALSE,,,,,,,FALSE,,,,,,FALSE,,,,,,FALSE,,,,
,,,,FALSE,,,,,,,FALSE,,,,,,FALSE,,,,,,FALSE,,,,
,,,,FALSE,,,,,,,FALSE,,,,,,FALSE,,,,,,FALSE,,,,
,,,,FALSE,,,,,,,FALSE,,,,,,FALSE,,,,,,FALSE,,,,
,,,,FALSE,,,,,,,FALSE,,,,,,FALSE,,,,,,FALSE,,,,
,,,,FALSE,,,,,,,FALSE,,,,,,FALSE,,,,,,FALSE,,,,
,,,,FALSE,,,,,,,FALSE,,,,,,FALSE,,,,,,FALSE,,,,
,,,,FALSE,,,,,,,FALSE,,,,,,FALSE,,,,,,FALSE,,,,
,,,,FALSE,,,,,,,FALSE,,,,,,FALSE,,,,,,FALSE,,,,
,,,,FALSE,,,,,,,FALSE,,,,,,FALSE,,,,,,FALSE,,,,
,,,,FALSE,,,,,,,FALSE,,,,,,FALSE,,,,,,FALSE,,,,
,,,,FALSE,,,,,,,FALSE,,,,,,FALSE,,,,,,FALSE,,,,
,,,,FALSE,,,,,,,FALSE,,,,,,FALSE,,,,,,FALSE,,,,
,,,,FALSE,,,,,,,FALSE,,,,,,FALSE,,,,,,FALSE,,,,
,,,,FALSE,,,,,,,FALSE,,,,,,FALSE,,,,,,FALSE,,,,
,,,,FALSE,,,,,,,FALSE,,,,,,FALSE,,,,,,FALSE,,,,
,,,,FALSE,,,,,,,FALSE,,,,,,FALSE,,,,,,FALSE,,,,
,,,,FALSE,,,,,,,FALSE,,,,,,FALSE,,,,,,FALSE,,,,
,,,,FALSE,,,,,,,FALSE,,,,,,FALSE,,,,,,FALSE,,,,
,,,,FALSE,,,,,,,FALSE,,,,,,FALSE,,,,,,FALSE,,,,
,,,,FALSE,,,,,,,FALSE,,,,,,FALSE,,,,,,FALSE,,,,
,,,,FALSE,,,,,,,FALSE,,,,,,FALSE,,,,,,FALSE,,,,
,,,,FALSE,,,,,,,FALSE,,,,,,FALSE,,,,,,FALSE,,,,
,,,,FALSE,,,,,,,FALSE,,,,,,FALSE,,,,,,FALSE,,,,
,,,,FALSE,,,,,,,FALSE,,,,,,FALSE,,,,,,FALSE,,,,
,,,,FALSE,,,,,,,FALSE,,,,,,FALSE,,,,,,FALSE,,,,
,,,,FALSE,,,,,,,FALSE,,,,,,FALSE,,,,,,FALSE,,,,
,,,,FALSE,,,,,,,FALSE,,,,,,FALSE,,,,,,FALSE,,,,
,,,,FALSE,,,,,,,FALSE,,,,,,FALSE,,,,,,FALSE,,,,
,,,,FALSE,,,,,,,FALSE,,,,,,FALSE,,,,,,FALSE,,,,
,,,,FALSE,,,,,,,FALSE,,,,,,FALSE,,,,,,FALSE,,,,
,,,,FALSE,,,,,,,FALSE,,,,,,FALSE,,,,,,FALSE,,,,
,,,,FALSE,,,,,,,FALSE,,,,,,FALSE,,,,,,FALSE,,,,
,,,,FALSE,,,,,,,FALSE,,,,,,FALSE,,,,,,FALSE,,,,
,,,,FALSE,,,,,,,FALSE,,,,,,FALSE,,,,,,FALSE,,,,
,,,,FALSE,,,,,,,FALSE,,,,,,FALSE,,,,,,FALSE,,,,
,,,,FALSE,,,,,,,FALSE,,,,,,FALSE,,,,,,FALSE,,,,
,,,,FALSE,,,,,,,FALSE,,,,,,FALSE,,,,,,FALSE,,,,
,,,,FALSE,,,,,,,FALSE,,,,,,FALSE,,,,,,FALSE,,,,
,,,,FALSE,,,,,,,FALSE,,,,,,FALSE,,,,,,FALSE,,,,
,,,,FALSE,,,,,,,FALSE,,,,,,FALSE,,,,,,FALSE,,,,
,,,,FALSE,,,,,,,FALSE,,,,,,FALSE,,,,,,FALSE,,,,
,,,,FALSE,,,,,,,FALSE,,,,,,FALSE,,,,,,FALSE,,,,
,,,,FALSE,,,,,,,FALSE,,,,,,FALSE,,,,,,FALSE,,,,
,,,,FALSE,,,,,,,FALSE,,,,,,FALSE,,,,,,FALSE,,,,
,,,,FALSE,,,,,,,FALSE,,,,,,FALSE,,,,,,FALSE,,,,
,,,,FALSE,,,,,,,FALSE,,,,,,FALSE,,,,,,FALSE,,,,
,,,,FALSE,,,,,,,FALSE,,,,,,FALSE,,,,,,FALSE,,,,
,,,,FALSE,,,,,,,FALSE,,,,,,FALSE,,,,,,FALSE,,,,
,,,,FALSE,,,,,,,FALSE,,,,,,FALSE,,,,,,FALSE,,,,
,,,,FALSE,,,,,,,FALSE,,,,,,FALSE,,,,,,FALSE,,,,
,,,,FALSE,,,,,,,FALSE,,,,,,FALSE,,,,,,FALSE,,,,
,,,,FALSE,,,,,,,FALSE,,,,,,FALSE,,,,,,FALSE,,,,
,,,,FALSE,,,,,,,FALSE,,,,,,FALSE,,,,,,FALSE,,,,
,,,,FALSE,,,,,,,FALSE,,,,,,FALSE,,,,,,FALSE,,,,
,,,,FALSE,,,,,,,FALSE,,,,,,FALSE,,,,,,FALSE,,,,
,,,,FALSE,,,,,,,FALSE,,,,,,FALSE,,,,,,FALSE,,,,
,,,,FALSE,,,,,,,FALSE,,,,,,FALSE,,,,,,FALSE,,,,
,,,,FALSE,,,,,,,FALSE,,,,,,FALSE,,,,,,FALSE,,,,
,,,,FALSE,,,,,,,FALSE,,,,,,FALSE,,,,,,FALSE,,,,
,,,,FALSE,,,,,,,FALSE,,,,,,FALSE,,,,,,FALSE,,,,
,,,,FALSE,,,,,,,FALSE,,,,,,FALSE,,,,,,FALSE,,,,
,,,,FALSE,,,,,,,FALSE,,,,,,FALSE,,,,,,FALSE,,,,
,,,,FALSE,,,,,,,FALSE,,,,,,FALSE,,,,,,FALSE,,,,
,,,,FALSE,,,,,,,FALSE,,,,,,FALSE,,,,,,FALSE,,,,
,,,,FALSE,,,,,,,FALSE,,,,,,FALSE,,,,,,FALSE,,,,
,,,,FALSE,,,,,,,FALSE,,,,,,FALSE,,,,,,FALSE,,,,
,,,,FALSE,,,,,,,FALSE,,,,,,FALSE,,,,,,FALSE,,,,
,,,,FALSE,,,,,,,FALSE,,,,,,FALSE,,,,,,FALSE,,,,
,,,,FALSE,,,,,,,FALSE,,,,,,FALSE,,,,,,FALSE,,,,
,,,,FALSE,,,,,,,FALSE,,,,,,FALSE,,,,,,FALSE,,,,
,,,,FALSE,,,,,,,FALSE,,,,,,FALSE,,,,,,FALSE,,,,
,,,,FALSE,,,,,,,FALSE,,,,,,FALSE,,,,,,FALSE,,,,
,,,,FALSE,,,,,,,FALSE,,,,,,FALSE,,,,,,FALSE,,,,
,,,,FALSE,,,,,,,FALSE,,,,,,FALSE,,,,,,FALSE,,,,
,,,,FALSE,,,,,,,FALSE,,,,,,FALSE,,,,,,FALSE,,,,
,,,,FALSE,,,,,,,FALSE,,,,,,FALSE,,,,,,FALSE,,,,
,,,,FALSE,,,,,,,FALSE,,,,,,FALSE,,,,,,FALSE,,,,
,,,,FALSE,,,,,,,FALSE,,,,,,FALSE,,,,,,FALSE,,,,
,,,,FALSE,,,,,,,FALSE,,,,,,FALSE,,,,,,FALSE,,,,
,,,,FALSE,,,,,,,FALSE,,,,,,FALSE,,,,,,FALSE,,,,
,,,,FALSE,,,,,,,FALSE,,,,,,FALSE,,,,,,FALSE,,,,
,,,,FALSE,,,,,,,FALSE,,,,,,FALSE,,,,,,FALSE,,,,
,,,,FALSE,,,,,,,FALSE,,,,,,FALSE,,,,,,FALSE,,,,
,,,,FALSE,,,,,,,FALSE,,,,,,FALSE,,,,,,FALSE,,,,
,,,,FALSE,,,,,,,FALSE,,,,,,FALSE,,,,,,FALSE,,,,
,,,,FALSE,,,,,,,FALSE,,,,,,FALSE,,,,,,FALSE,,,,
,,,,FALSE,,,,,,,FALSE,,,,,,FALSE,,,,,,FALSE,,,,
,,,,FALSE,,,,,,,FALSE,,,,,,FALSE,,,,,,FALSE,,,,
,,,,FALSE,,,,,,,FALSE,,,,,,FALSE,,,,,,FALSE,,,,
,,,,FALSE,,,,,,,FALSE,,,,,,FALSE,,,,,,FALSE,,,,
,,,,FALSE,,,,,,,FALSE,,,,,,FALSE,,,,,,FALSE,,,,
,,,,FALSE,,,,,,,FALSE,,,,,,FALSE,,,,,,FALSE,,,,
,,,,FALSE,,,,,,,FALSE,,,,,,FALSE,,,,,,FALSE,,,,
,,,,FALSE,,,,,,,FALSE,,,,,,FALSE,,,,,,FALSE,,,,
,,,,FALSE,,,,,,,FALSE,,,,,,FALSE,,,,,,FALSE,,,,
,,,,FALSE,,,,,,,FALSE,,,,,,FALSE,,,,,,FALSE,,,,
,,,,FALSE,,,,,,,FALSE,,,,,,FALSE,,,,,,FALSE,,,,
,,,,FALSE,,,,,,,FALSE,,,,,,FALSE,,,,,,FALSE,,,,
,,,,FALSE,,,,,,,FALSE,,,,,,FALSE,,,,,,FALSE,,,,
,,,,FALSE,,,,,,,FALSE,,,,,,FALSE,,,,,,FALSE,,,,
,,,,FALSE,,,,,,,FALSE,,,,,,FALSE,,,,,,FALSE,,,,
,,,,FALSE,,,,,,,FALSE,,,,,,FALSE,,,,,,FALSE,,,,
,,,,FALSE,,,,,,,FALSE,,,,,,FALSE,,,,,,FALSE,,,,
,,,,FALSE,,,,,,,FALSE,,,,,,FALSE,,,,,,FALSE,,,,
,,,,FALSE,,,,,,,FALSE,,,,,,FALSE,,,,,,FALSE,,,,
,,,,FALSE,,,,,,,FALSE,,,,,,FALSE,,,,,,FALSE,,,,
,,,,FALSE,,,,,,,FALSE,,,,,,FALSE,,,,,,FALSE,,,,
,,,,FALSE,,,,,,,FALSE,,,,,,FALSE,,,,,,FALSE,,,,
,,,,FALSE,,,,,,,FALSE,,,,,,FALSE,,,,,,FALSE,,,,
,,,,FALSE,,,,,,,FALSE,,,,,,FALSE,,,,,,FALSE,,,,
,,,,FALSE,,,,,,,FALSE,,,,,,FALSE,,,,,,FALSE,,,,
,,,,FALSE,,,,,,,FALSE,,,,,,FALSE,,,,,,FALSE,,,,
,,,,FALSE,,,,,,,FALSE,,,,,,FALSE,,,,,,FALSE,,,,
,,,,FALSE,,,,,,,FALSE,,,,,,FALSE,,,,,,FALSE,,,,
,,,,FALSE,,,,,,,FALSE,,,,,,FALSE,,,,,,FALSE,,,,
,,,,FALSE,,,,,,,FALSE,,,,,,FALSE,,,,,,FALSE,,,,
,,,,FALSE,,,,,,,FALSE,,,,,,FALSE,,,,,,FALSE,,,,
,,,,FALSE,,,,,,,FALSE,,,,,,FALSE,,,,,,FALSE,,,,
,,,,FALSE,,,,,,,FALSE,,,,,,FALSE,,,,,,FALSE,,,,
,,,,FALSE,,,,,,,FALSE,,,,,,FALSE,,,,,,FALSE,,,,
,,,,FALSE,,,,,,,FALSE,,,,,,FALSE,,,,,,FALSE,,,,
,,,,FALSE,,,,,,,FALSE,,,,,,FALSE,,,,,,FALSE,,,,
,,,,FALSE,,,,,,,FALSE,,,,,,FALSE,,,,,,FALSE,,,,
,,,,FALSE,,,,,,,FALSE,,,,,,FALSE,,,,,,FALSE,,,,
,,,,FALSE,,,,,,,FALSE,,,,,,FALSE,,,,,,FALSE,,,,
,,,,FALSE,,,,,,,FALSE,,,,,,FALSE,,,,,,FALSE,,,,
,,,,FALSE,,,,,,,FALSE,,,,,,FALSE,,,,,,FALSE,,,,
,,,,FALSE,,,,,,,FALSE,,,,,,FALSE,,,,,,FALSE,,,,
,,,,FALSE,,,,,,,FALSE,,,,,,FALSE,,,,,,FALSE,,,,
,,,,FALSE,,,,,,,FALSE,,,,,,FALSE,,,,,,FALSE,,,,
,,,,FALSE,,,,,,,FALSE,,,,,,FALSE,,,,,,FALSE,,,,
,,,,FALSE,,,,,,,FALSE,,,,,,FALSE,,,,,,FALSE,,,,
,,,,FALSE,,,,,,,FALSE,,,,,,FALSE,,,,,,FALSE,,,,
,,,,FALSE,,,,,,,FALSE,,,,,,FALSE,,,,,,FALSE,,,,
,,,,FALSE,,,,,,,FALSE,,,,,,FALSE,,,,,,FALSE,,,,
,,,,FALSE,,,,,,,FALSE,,,,,,FALSE,,,,,,FALSE,,,,
,,,,FALSE,,,,,,,FALSE,,,,,,FALSE,,,,,,FALSE,,,,
,,,,FALSE,,,,,,,FALSE,,,,,,FALSE,,,,,,FALSE,,,,
,,,,FALSE,,,,,,,FALSE,,,,,,FALSE,,,,,,FALSE,,,,
,,,,FALSE,,,,,,,FALSE,,,,,,FALSE,,,,,,FALSE,,,,
,,,,FALSE,,,,,,,FALSE,,,,,,FALSE,,,,,,FALSE,,,,
,,,,FALSE,,,,,,,FALSE,,,,,,FALSE,,,,,,FALSE,,,,
,,,,FALSE,,,,,,,FALSE,,,,,,FALSE,,,,,,FALSE,,,,
,,,,FALSE,,,,,,,FALSE,,,,,,FALSE,,,,,,FALSE,,,,
,,,,FALSE,,,,,,,FALSE,,,,,,FALSE,,,,,,FALSE,,,,
,,,,FALSE,,,,,,,FALSE,,,,,,FALSE,,,,,,FALSE,,,,
,,,,FALSE,,,,,,,FALSE,,,,,,FALSE,,,,,,FALSE,,,,
,,,,FALSE,,,,,,,FALSE,,,,,,FALSE,,,,,,FALSE,,,,
,,,,FALSE,,,,,,,FALSE,,,,,,FALSE,,,,,,FALSE,,,,
,,,,FALSE,,,,,,,FALSE,,,,,,FALSE,,,,,,FALSE,,,,
,,,,FALSE,,,,,,,FALSE,,,,,,FALSE,,,,,,FALSE,,,,
,,,,FALSE,,,,,,,FALSE,,,,,,FALSE,,,,,,FALSE,,,,
,,,,FALSE,,,,,,,FALSE,,,,,,FALSE,,,,,,FALSE,,,,
,,,,FALSE,,,,,,,FALSE,,,,,,FALSE,,,,,,FALSE,,,,
,,,,FALSE,,,,,,,FALSE,,,,,,FALSE,,,,,,FALSE,,,,
,,,,FALSE,,,,,,,FALSE,,,,,,FALSE,,,,,,FALSE,,,,
,,,,FALSE,,,,,,,FALSE,,,,,,FALSE,,,,,,FALSE,,,,
,,,,FALSE,,,,,,,FALSE,,,,,,FALSE,,,,,,FALSE,,,,
,,,,FALSE,,,,,,,FALSE,,,,,,FALSE,,,,,,FALSE,,,,
,,,,FALSE,,,,,,,FALSE,,,,,,FALSE,,,,,,FALSE,,,,
,,,,FALSE,,,,,,,FALSE,,,,,,FALSE,,,,,,FALSE,,,,
,,,,FALSE,,,,,,,FALSE,,,,,,FALSE,,,,,,FALSE,,,,
,,,,FALSE,,,,,,,FALSE,,,,,,FALSE,,,,,,FALSE,,,,
,,,,FALSE,,,,,,,FALSE,,,,,,FALSE,,,,,,FALSE,,,,
,,,,FALSE,,,,,,,FALSE,,,,,,FALSE,,,,,,FALSE,,,,
,,,,FALSE,,,,,,,FALSE,,,,,,FALSE,,,,,,FALSE,,,,
,,,,FALSE,,,,,,,FALSE,,,,,,FALSE,,,,,,FALSE,,,,
,,,,FALSE,,,,,,,FALSE,,,,,,FALSE,,,,,,FALSE,,,,
,,,,FALSE,,,,,,,FALSE,,,,,,FALSE,,,,,,FALSE,,,,
,,,,FALSE,,,,,,,FALSE,,,,,,FALSE,,,,,,FALSE,,,,
,,,,FALSE,,,,,,,FALSE,,,,,,FALSE,,,,,,FALSE,,,,
,,,,FALSE,,,,,,,FALSE,,,,,,FALSE,,,,,,FALSE,,,,
,,,,FALSE,,,,,,,FALSE,,,,,,FALSE,,,,,,FALSE,,,,
,,,,FALSE,,,,,,,FALSE,,,,,,FALSE,,,,,,FALSE,,,,
,,,,FALSE,,,,,,,FALSE,,,,,,FALSE,,,,,,FALSE,,,,
,,,,FALSE,,,,,,,FALSE,,,,,,FALSE,,,,,,FALSE,,,,
,,,,FALSE,,,,,,,FALSE,,,,,,FALSE,,,,,,FALSE,,,,
,,,,FALSE,,,,,,,FALSE,,,,,,FALSE,,,,,,FALSE,,,,
,,,,FALSE,,,,,,,FALSE,,,,,,FALSE,,,,,,FALSE,,,,
,,,,FALSE,,,,,,,FALSE,,,,,,FALSE,,,,,,FALSE,,,,
,,,,FALSE,,,,,,,FALSE,,,,,,FALSE,,,,,,FALSE,,,,
,,,,FALSE,,,,,,,FALSE,,,,,,FALSE,,,,,,FALSE,,,,
,,,,FALSE,,,,,,,FALSE,,,,,,FALSE,,,,,,FALSE,,,,
,,,,FALSE,,,,,,,FALSE,,,,,,FALSE,,,,,,FALSE,,,,
,,,,FALSE,,,,,,,FALSE,,,,,,FALSE,,,,,,FALSE,,,,
,,,,FALSE,,,,,,,FALSE,,,,,,FALSE,,,,,,FALSE,,,,
,,,,FALSE,,,,,,,FALSE,,,,,,FALSE,,,,,,FALSE,,,,
,,,,FALSE,,,,,,,FALSE,,,,,,FALSE,,,,,,FALSE,,,,
,,,,FALSE,,,,,,,FALSE,,,,,,FALSE,,,,,,FALSE,,,,
,,,,FALSE,,,,,,,FALSE,,,,,,FALSE,,,,,,FALSE,,,,
,,,,FALSE,,,,,,,FALSE,,,,,,FALSE,,,,,,FALSE,,,,
,,,,FALSE,,,,,,,FALSE,,,,,,FALSE,,,,,,FALSE,,,,
,,,,FALSE,,,,,,,FALSE,,,,,,FALSE,,,,,,FALSE,,,,
,,,,FALSE,,,,,,,FALSE,,,,,,FALSE,,,,,,FALSE,,,,
,,,,FALSE,,,,,,,FALSE,,,,,,FALSE,,,,,,FALSE,,,,
,,,,FALSE,,,,,,,FALSE,,,,,,FALSE,,,,,,FALSE,,,,
,,,,FALSE,,,,,,,FALSE,,,,,,FALSE,,,,,,FALSE,,,,
,,,,FALSE,,,,,,,FALSE,,,,,,FALSE,,,,,,FALSE,,,,
,,,,FALSE,,,,,,,FALSE,,,,,,FALSE,,,,,,FALSE,,,,
,,,,FALSE,,,,,,,FALSE,,,,,,FALSE,,,,,,FALSE,,,,
,,,,FALSE,,,,,,,FALSE,,,,,,FALSE,,,,,,FALSE,,,,
,,,,FALSE,,,,,,,FALSE,,,,,,FALSE,,,,,,FALSE,,,,
,,,,FALSE,,,,,,,FALSE,,,,,,FALSE,,,,,,FALSE,,,,
,,,,FALSE,,,,,,,FALSE,,,,,,FALSE,,,,,,FALSE,,,,
,,,,FALSE,,,,,,,FALSE,,,,,,FALSE,,,,,,FALSE,,,,
,,,,FALSE,,,,,,,FALSE,,,,,,FALSE,,,,,,FALSE,,,,
,,,,FALSE,,,,,,,FALSE,,,,,,FALSE,,,,,,FALSE,,,,
,,,,FALSE,,,,,,,FALSE,,,,,,FALSE,,,,,,FALSE,,,,
,,,,FALSE,,,,,,,FALSE,,,,,,FALSE,,,,,,FALSE,,,,
,,,,FALSE,,,,,,,FALSE,,,,,,FALSE,,,,,,FALSE,,,,
,,,,FALSE,,,,,,,FALSE,,,,,,FALSE,,,,,,FALSE,,,,
,,,,FALSE,,,,,,,FALSE,,,,,,FALSE,,,,,,FALSE,,,,
,,,,FALSE,,,,,,,FALSE,,,,,,FALSE,,,,,,FALSE,,,,
,,,,FALSE,,,,,,,FALSE,,,,,,FALSE,,,,,,FALSE,,,,
,,,,FALSE,,,,,,,FALSE,,,,,,FALSE,,,,,,FALSE,,,,
,,,,FALSE,,,,,,,FALSE,,,,,,FALSE,,,,,,FALSE,,,,
,,,,FALSE,,,,,,,FALSE,,,,,,FALSE,,,,,,FALSE,,,,
,,,,FALSE,,,,,,,FALSE,,,,,,FALSE,,,,,,FALSE,,,,
,,,,FALSE,,,,,,,FALSE,,,,,,FALSE,,,,,,FALSE,,,,
,,,,FALSE,,,,,,,FALSE,,,,,,FALSE,,,,,,FALSE,,,,
,,,,FALSE,,,,,,,FALSE,,,,,,FALSE,,,,,,FALSE,,,,
,,,,FALSE,,,,,,,FALSE,,,,,,FALSE,,,,,,FALSE,,,,
,,,,FALSE,,,,,,,FALSE,,,,,,FALSE,,,,,,FALSE,,,,
,,,,FALSE,,,,,,,FALSE,,,,,,FALSE,,,,,,FALSE,,,,
,,,,FALSE,,,,,,,FALSE,,,,,,FALSE,,,,,,FALSE,,,,
,,,,FALSE,,,,,,,FALSE,,,,,,FALSE,,,,,,FALSE,,,,
,,,,FALSE,,,,,,,FALSE,,,,,,FALSE,,,,,,FALSE,,,,
,,,,FALSE,,,,,,,FALSE,,,,,,FALSE,,,,,,FALSE,,,,
,,,,FALSE,,,,,,,FALSE,,,,,,FALSE,,,,,,FALSE,,,,
,,,,FALSE,,,,,,,FALSE,,,,,,FALSE,,,,,,FALSE,,,,
,,,,FALSE,,,,,,,FALSE,,,,,,FALSE,,,,,,FALSE,,,,
,,,,FALSE,,,,,,,FALSE,,,,,,FALSE,,,,,,FALSE,,,,
,,,,FALSE,,,,,,,FALSE,,,,,,FALSE,,,,,,FALSE,,,,
,,,,FALSE,,,,,,,FALSE,,,,,,FALSE,,,,,,FALSE,,,,
,,,,FALSE,,,,,,,FALSE,,,,,,FALSE,,,,,,FALSE,,,,
,,,,FALSE,,,,,,,FALSE,,,,,,FALSE,,,,,,FALSE,,,,
,,,,FALSE,,,,,,,FALSE,,,,,,FALSE,,,,,,FALSE,,,,
,,,,FALSE,,,,,,,FALSE,,,,,,FALSE,,,,,,FALSE,,,,
,,,,FALSE,,,,,,,FALSE,,,,,,FALSE,,,,,,FALSE,,,,
,,,,FALSE,,,,,,,FALSE,,,,,,FALSE,,,,,,FALSE,,,,
,,,,FALSE,,,,,,,FALSE,,,,,,FALSE,,,,,,FALSE,,,,
,,,,FALSE,,,,,,,FALSE,,,,,,FALSE,,,,,,FALSE,,,,
,,,,FALSE,,,,,,,FALSE,,,,,,FALSE,,,,,,FALSE,,,,
,,,,FALSE,,,,,,,FALSE,,,,,,FALSE,,,,,,FALSE,,,,
,,,,FALSE,,,,,,,FALSE,,,,,,FALSE,,,,,,FALSE,,,,
,,,,FALSE,,,,,,,FALSE,,,,,,FALSE,,,,,,FALSE,,,,
,,,,FALSE,,,,,,,FALSE,,,,,,FALSE,,,,,,FALSE,,,,
,,,,FALSE,,,,,,,FALSE,,,,,,FALSE,,,,,,FALSE,,,,
,,,,FALSE,,,,,,,FALSE,,,,,,FALSE,,,,,,FALSE,,,,
,,,,FALSE,,,,,,,FALSE,,,,,,FALSE,,,,,,FALSE,,,,
,,,,FALSE,,,,,,,FALSE,,,,,,FALSE,,,,,,FALSE,,,,
,,,,FALSE,,,,,,,FALSE,,,,,,FALSE,,,,,,FALSE,,,,
,,,,FALSE,,,,,,,FALSE,,,,,,FALSE,,,,,,FALSE,,,,
,,,,FALSE,,,,,,,FALSE,,,,,,FALSE,,,,,,FALSE,,,,
,,,,FALSE,,,,,,,FALSE,,,,,,FALSE,,,,,,FALSE,,,,
,,,,FALSE,,,,,,,FALSE,,,,,,FALSE,,,,,,FALSE,,,,
,,,,FALSE,,,,,,,FALSE,,,,,,FALSE,,,,,,FALSE,,,,
,,,,FALSE,,,,,,,FALSE,,,,,,FALSE,,,,,,FALSE,,,,
,,,,FALSE,,,,,,,FALSE,,,,,,FALSE,,,,,,FALSE,,,,
,,,,FALSE,,,,,,,FALSE,,,,,,FALSE,,,,,,FALSE,,,,
,,,,FALSE,,,,,,,FALSE,,,,,,FALSE,,,,,,FALSE,,,,
,,,,FALSE,,,,,,,FALSE,,,,,,FALSE,,,,,,FALSE,,,,
,,,,FALSE,,,,,,,FALSE,,,,,,FALSE,,,,,,FALSE,,,,
,,,,FALSE,,,,,,,FALSE,,,,,,FALSE,,,,,,FALSE,,,,
,,,,FALSE,,,,,,,FALSE,,,,,,FALSE,,,,,,FALSE,,,,
,,,,FALSE,,,,,,,FALSE,,,,,,FALSE,,,,,,FALSE,,,,
,,,,FALSE,,,,,,,FALSE,,,,,,FALSE,,,,,,FALSE,,,,
,,,,FALSE,,,,,,,FALSE,,,,,,FALSE,,,,,,FALSE,,,,
,,,,FALSE,,,,,,,FALSE,,,,,,FALSE,,,,,,FALSE,,,,
,,,,FALSE,,,,,,,FALSE,,,,,,FALSE,,,,,,FALSE,,,,
,,,,FALSE,,,,,,,FALSE,,,,,,FALSE,,,,,,FALSE,,,,
,,,,FALSE,,,,,,,FALSE,,,,,,FALSE,,,,,,FALSE,,,,
,,,,FALSE,,,,,,,FALSE,,,,,,FALSE,,,,,,FALSE,,,,
,,,,FALSE,,,,,,,FALSE,,,,,,FALSE,,,,,,FALSE,,,,
,,,,FALSE,,,,,,,FALSE,,,,,,FALSE,,,,,,FALSE,,,,
,,,,FALSE,,,,,,,FALSE,,,,,,FALSE,,,,,,FALSE,,,,
,,,,FALSE,,,,,,,FALSE,,,,,,FALSE,,,,,,FALSE,,,,
,,,,FALSE,,,,,,,FALSE,,,,,,FALSE,,,,,,FALSE,,,,
,,,,FALSE,,,,,,,FALSE,,,,,,FALSE,,,,,,FALSE,,,,
,,,,FALSE,,,,,,,FALSE,,,,,,FALSE,,,,,,FALSE,,,,
,,,,FALSE,,,,,,,FALSE,,,,,,FALSE,,,,,,FALSE,,,,
,,,,FALSE,,,,,,,FALSE,,,,,,FALSE,,,,,,FALSE,,,,
,,,,FALSE,,,,,,,FALSE,,,,,,FALSE,,,,,,FALSE,,,,
,,,,FALSE,,,,,,,FALSE,,,,,,FALSE,,,,,,FALSE,,,,
,,,,FALSE,,,,,,,FALSE,,,,,,FALSE,,,,,,FALSE,,,,
,,,,FALSE,,,,,,,FALSE,,,,,,FALSE,,,,,,FALSE,,,,
,,,,FALSE,,,,,,,FALSE,,,,,,FALSE,,,,,,FALSE,,,,
,,,,FALSE,,,,,,,FALSE,,,,,,FALSE,,,,,,FALSE,,,,
,,,,FALSE,,,,,,,FALSE,,,,,,FALSE,,,,,,FALSE,,,,
,,,,FALSE,,,,,,,FALSE,,,,,,FALSE,,,,,,FALSE,,,,
,,,,FALSE,,,,,,,FALSE,,,,,,FALSE,,,,,,FALSE,,,,
,,,,FALSE,,,,,,,FALSE,,,,,,FALSE,,,,,,FALSE,,,,
,,,,FALSE,,,,,,,FALSE,,,,,,FALSE,,,,,,FALSE,,,,
,,,,FALSE,,,,,,,FALSE,,,,,,FALSE,,,,,,FALSE,,,,
,,,,FALSE,,,,,,,FALSE,,,,,,FALSE,,,,,,FALSE,,,,
,,,,FALSE,,,,,,,FALSE,,,,,,FALSE,,,,,,FALSE,,,,
,,,,FALSE,,,,,,,FALSE,,,,,,FALSE,,,,,,FALSE,,,,
,,,,FALSE,,,,,,,FALSE,,,,,,FALSE,,,,,,FALSE,,,,
,,,,FALSE,,,,,,,FALSE,,,,,,FALSE,,,,,,FALSE,,,,
,,,,FALSE,,,,,,,FALSE,,,,,,FALSE,,,,,,FALSE,,,,
,,,,FALSE,,,,,,,FALSE,,,,,,FALSE,,,,,,FALSE,,,,
,,,,FALSE,,,,,,,FALSE,,,,,,FALSE,,,,,,FALSE,,,,
,,,,FALSE,,,,,,,FALSE,,,,,,FALSE,,,,,,FALSE,,,,
,,,,FALSE,,,,,,,FALSE,,,,,,FALSE,,,,,,FALSE,,,,
,,,,FALSE,,,,,,,FALSE,,,,,,FALSE,,,,,,FALSE,,,,
,,,,FALSE,,,,,,,FALSE,,,,,,FALSE,,,,,,FALSE,,,,
,,,,FALSE,,,,,,,FALSE,,,,,,FALSE,,,,,,FALSE,,,,
,,,,FALSE,,,,,,,FALSE,,,,,,FALSE,,,,,,FALSE,,,,
,,,,FALSE,,,,,,,FALSE,,,,,,FALSE,,,,,,FALSE,,,,
,,,,FALSE,,,,,,,FALSE,,,,,,FALSE,,,,,,FALSE,,,,
,,,,FALSE,,,,,,,FALSE,,,,,,FALSE,,,,,,FALSE,,,,
,,,,FALSE,,,,,,,FALSE,,,,,,FALSE,,,,,,FALSE,,,,
,,,,FALSE,,,,,,,FALSE,,,,,,FALSE,,,,,,FALSE,,,,
,,,,FALSE,,,,,,,FALSE,,,,,,FALSE,,,,,,FALSE,,,,
,,,,FALSE,,,,,,,FALSE,,,,,,FALSE,,,,,,FALSE,,,,
,,,,FALSE,,,,,,,FALSE,,,,,,FALSE,,,,,,FALSE,,,,
,,,,FALSE,,,,,,,FALSE,,,,,,FALSE,,,,,,FALSE,,,,
,,,,FALSE,,,,,,,FALSE,,,,,,FALSE,,,,,,FALSE,,,,
,,,,FALSE,,,,,,,FALSE,,,,,,FALSE,,,,,,FALSE,,,,
,,,,FALSE,,,,,,,FALSE,,,,,,FALSE,,,,,,FALSE,,,,
,,,,FALSE,,,,,,,FALSE,,,,,,FALSE,,,,,,FALSE,,,,
,,,,FALSE,,,,,,,FALSE,,,,,,FALSE,,,,,,FALSE,,,,
,,,,FALSE,,,,,,,FALSE,,,,,,FALSE,,,,,,FALSE,,,,
,,,,FALSE,,,,,,,FALSE,,,,,,FALSE,,,,,,FALSE,,,,
,,,,FALSE,,,,,,,FALSE,,,,,,FALSE,,,,,,FALSE,,,,
,,,,FALSE,,,,,,,FALSE,,,,,,FALSE,,,,,,FALSE,,,,
,,,,FALSE,,,,,,,FALSE,,,,,,FALSE,,,,,,FALSE,,,,
,,,,FALSE,,,,,,,FALSE,,,,,,FALSE,,,,,,FALSE,,,,
,,,,FALSE,,,,,,,FALSE,,,,,,FALSE,,,,,,FALSE,,,,
,,,,FALSE,,,,,,,FALSE,,,,,,FALSE,,,,,,FALSE,,,,
,,,,FALSE,,,,,,,FALSE,,,,,,FALSE,,,,,,FALSE,,,,
,,,,FALSE,,,,,,,FALSE,,,,,,FALSE,,,,,,FALSE,,,,
,,,,FALSE,,,,,,,FALSE,,,,,,FALSE,,,,,,FALSE,,,,
,,,,FALSE,,,,,,,FALSE,,,,,,FALSE,,,,,,FALSE,,,,
,,,,FALSE,,,,,,,FALSE,,,,,,FALSE,,,,,,FALSE,,,,
,,,,FALSE,,,,,,,FALSE,,,,,,FALSE,,,,,,FALSE,,,,
,,,,FALSE,,,,,,,FALSE,,,,,,FALSE,,,,,,FALSE,,,,
,,,,FALSE,,,,,,,FALSE,,,,,,FALSE,,,,,,FALSE,,,,
,,,,FALSE,,,,,,,FALSE,,,,,,FALSE,,,,,,FALSE,,,,
,,,,FALSE,,,,,,,FALSE,,,,,,FALSE,,,,,,FALSE,,,,
,,,,FALSE,,,,,,,FALSE,,,,,,FALSE,,,,,,FALSE,,,,
,,,,FALSE,,,,,,,FALSE,,,,,,FALSE,,,,,,FALSE,,,,
,,,,FALSE,,,,,,,FALSE,,,,,,FALSE,,,,,,FALSE,,,,
,,,,FALSE,,,,,,,FALSE,,,,,,FALSE,,,,,,FALSE,,,,
,,,,FALSE,,,,,,,FALSE,,,,,,FALSE,,,,,,FALSE,,,,
,,,,FALSE,,,,,,,FALSE,,,,,,FALSE,,,,,,FALSE,,,,
,,,,FALSE,,,,,,,FALSE,,,,,,FALSE,,,,,,FALSE,,,,
,,,,FALSE,,,,,,,FALSE,,,,,,FALSE,,,,,,FALSE,,,,
,,,,FALSE,,,,,,,FALSE,,,,,,FALSE,,,,,,FALSE,,,,
,,,,FALSE,,,,,,,FALSE,,,,,,FALSE,,,,,,FALSE,,,,
,,,,FALSE,,,,,,,FALSE,,,,,,FALSE,,,,,,FALSE,,,,
,,,,FALSE,,,,,,,FALSE,,,,,,FALSE,,,,,,FALSE,,,,
,,,,FALSE,,,,,,,FALSE,,,,,,FALSE,,,,,,FALSE,,,,
,,,,FALSE,,,,,,,FALSE,,,,,,FALSE,,,,,,FALSE,,,,
,,,,FALSE,,,,,,,FALSE,,,,,,FALSE,,,,,,FALSE,,,,
,,,,FALSE,,,,,,,FALSE,,,,,,FALSE,,,,,,FALSE,,,,
,,,,FALSE,,,,,,,FALSE,,,,,,FALSE,,,,,,FALSE,,,,
,,,,FALSE,,,,,,,FALSE,,,,,,FALSE,,,,,,FALSE,,,,
,,,,FALSE,,,,,,,FALSE,,,,,,FALSE,,,,,,FALSE,,,,
,,,,FALSE,,,,,,,FALSE,,,,,,FALSE,,,,,,FALSE,,,,
,,,,FALSE,,,,,,,FALSE,,,,,,FALSE,,,,,,FALSE,,,,
,,,,FALSE,,,,,,,FALSE,,,,,,FALSE,,,,,,FALSE,,,,
,,,,FALSE,,,,,,,FALSE,,,,,,FALSE,,,,,,FALSE,,,,
,,,,FALSE,,,,,,,FALSE,,,,,,FALSE,,,,,,FALSE,,,,
,,,,FALSE,,,,,,,FALSE,,,,,,FALSE,,,,,,FALSE,,,,
,,,,FALSE,,,,,,,FALSE,,,,,,FALSE,,,,,,FALSE,,,,
,,,,FALSE,,,,,,,FALSE,,,,,,FALSE,,,,,,FALSE,,,,
,,,,FALSE,,,,,,,FALSE,,,,,,FALSE,,,,,,FALSE,,,,
,,,,FALSE,,,,,,,FALSE,,,,,,FALSE,,,,,,FALSE,,,,
,,,,FALSE,,,,,,,FALSE,,,,,,FALSE,,,,,,FALSE,,,,
,,,,FALSE,,,,,,,FALSE,,,,,,FALSE,,,,,,FALSE,,,,
,,,,FALSE,,,,,,,FALSE,,,,,,FALSE,,,,,,FALSE,,,,
,,,,FALSE,,,,,,,FALSE,,,,,,FALSE,,,,,,FALSE,,,,
,,,,FALSE,,,,,,,FALSE,,,,,,FALSE,,,,,,FALSE,,,,
,,,,FALSE,,,,,,,FALSE,,,,,,FALSE,,,,,,FALSE,,,,
,,,,FALSE,,,,,,,FALSE,,,,,,FALSE,,,,,,FALSE,,,,
,,,,FALSE,,,,,,,FALSE,,,,,,FALSE,,,,,,FALSE,,,,
,,,,FALSE,,,,,,,FALSE,,,,,,FALSE,,,,,,FALSE,,,,
,,,,FALSE,,,,,,,FALSE,,,,,,FALSE,,,,,,FALSE,,,,
,,,,FALSE,,,,,,,FALSE,,,,,,FALSE,,,,,,FALSE,,,,
,,,,FALSE,,,,,,,FALSE,,,,,,FALSE,,,,,,FALSE,,,,
,,,,FALSE,,,,,,,FALSE,,,,,,FALSE,,,,,,FALSE,,,,
,,,,FALSE,,,,,,,FALSE,,,,,,FALSE,,,,,,FALSE,,,,
,,,,FALSE,,,,,,,FALSE,,,,,,FALSE,,,,,,FALSE,,,,
,,,,FALSE,,,,,,,FALSE,,,,,,FALSE,,,,,,FALSE,,,,
,,,,FALSE,,,,,,,FALSE,,,,,,FALSE,,,,,,FALSE,,,,
,,,,FALSE,,,,,,,FALSE,,,,,,FALSE,,,,,,FALSE,,,,
,,,,FALSE,,,,,,,FALSE,,,,,,FALSE,,,,,,FALSE,,,,
,,,,FALSE,,,,,,,FALSE,,,,,,FALSE,,,,,,FALSE,,,,
,,,,FALSE,,,,,,,FALSE,,,,,,FALSE,,,,,,FALSE,,,,
,,,,FALSE,,,,,,,FALSE,,,,,,FALSE,,,,,,FALSE,,,,
,,,,FALSE,,,,,,,FALSE,,,,,,FALSE,,,,,,FALSE,,,,
,,,,FALSE,,,,,,,FALSE,,,,,,FALSE,,,,,,FALSE,,,,
,,,,FALSE,,,,,,,FALSE,,,,,,FALSE,,,,,,FALSE,,,,
,,,,FALSE,,,,,,,FALSE,,,,,,FALSE,,,,,,FALSE,,,,
,,,,FALSE,,,,,,,FALSE,,,,,,FALSE,,,,,,FALSE,,,,
,,,,FALSE,,,,,,,FALSE,,,,,,FALSE,,,,,,FALSE,,,,
,,,,FALSE,,,,,,,FALSE,,,,,,FALSE,,,,,,FALSE,,,,
,,,,FALSE,,,,,,,FALSE,,,,,,FALSE,,,,,,FALSE,,,,
,,,,FALSE,,,,,,,FALSE,,,,,,FALSE,,,,,,FALSE,,,,
,,,,FALSE,,,,,,,FALSE,,,,,,FALSE,,,,,,FALSE,,,,
,,,,FALSE,,,,,,,FALSE,,,,,,FALSE,,,,,,FALSE,,,,
,,,,FALSE,,,,,,,FALSE,,,,,,FALSE,,,,,,FALSE,,,,
,,,,FALSE,,,,,,,FALSE,,,,,,FALSE,,,,,,FALSE,,,,
,,,,FALSE,,,,,,,FALSE,,,,,,FALSE,,,,,,FALSE,,,,
,,,,FALSE,,,,,,,FALSE,,,,,,FALSE,,,,,,FALSE,,,,
,,,,FALSE,,,,,,,FALSE,,,,,,FALSE,,,,,,FALSE,,,,
,,,,FALSE,,,,,,,FALSE,,,,,,FALSE,,,,,,FALSE,,,,
,,,,FALSE,,,,,,,FALSE,,,,,,FALSE,,,,,,FALSE,,,,
,,,,FALSE,,,,,,,FALSE,,,,,,FALSE,,,,,,FALSE,,,,
,,,,FALSE,,,,,,,FALSE,,,,,,FALSE,,,,,,FALSE,,,,
,,,,FALSE,,,,,,,FALSE,,,,,,FALSE,,,,,,FALSE,,,,
,,,,FALSE,,,,,,,FALSE,,,,,,FALSE,,,,,,FALSE,,,,
,,,,FALSE,,,,,,,FALSE,,,,,,FALSE,,,,,,FALSE,,,,
,,,,FALSE,,,,,,,FALSE,,,,,,FALSE,,,,,,FALSE,,,,
,,,,FALSE,,,,,,,FALSE,,,,,,FALSE,,,,,,FALSE,,,,
,,,,FALSE,,,,,,,FALSE,,,,,,FALSE,,,,,,FALSE,,,,
,,,,FALSE,,,,,,,FALSE,,,,,,FALSE,,,,,,FALSE,,,,
,,,,FALSE,,,,,,,FALSE,,,,,,FALSE,,,,,,FALSE,,,,
,,,,FALSE,,,,,,,FALSE,,,,,,FALSE,,,,,,FALSE,,,,
,,,,FALSE,,,,,,,FALSE,,,,,,FALSE,,,,,,FALSE,,,,
,,,,FALSE,,,,,,,FALSE,,,,,,FALSE,,,,,,FALSE,,,,
,,,,FALSE,,,,,,,FALSE,,,,,,FALSE,,,,,,FALSE,,,,
,,,,FALSE,,,,,,,FALSE,,,,,,FALSE,,,,,,FALSE,,,,
,,,,FALSE,,,,,,,FALSE,,,,,,FALSE,,,,,,FALSE,,,,
,,,,FALSE,,,,,,,FALSE,,,,,,FALSE,,,,,,FALSE,,,,
,,,,FALSE,,,,,,,FALSE,,,,,,FALSE,,,,,,FALSE,,,,
,,,,FALSE,,,,,,,FALSE,,,,,,FALSE,,,,,,FALSE,,,,
,,,,FALSE,,,,,,,FALSE,,,,,,FALSE,,,,,,FALSE,,,,
,,,,FALSE,,,,,,,FALSE,,,,,,FALSE,,,,,,FALSE,,,,
,,,,FALSE,,,,,,,FALSE,,,,,,FALSE,,,,,,FALSE,,,,
,,,,FALSE,,,,,,,FALSE,,,,,,FALSE,,,,,,FALSE,,,,
,,,,FALSE,,,,,,,FALSE,,,,,,FALSE,,,,,,FALSE,,,,
,,,,FALSE,,,,,,,FALSE,,,,,,FALSE,,,,,,FALSE,,,,
,,,,FALSE,,,,,,,FALSE,,,,,,FALSE,,,,,,FALSE,,,,
,,,,FALSE,,,,,,,FALSE,,,,,,FALSE,,,,,,FALSE,,,,
,,,,FALSE,,,,,,,FALSE,,,,,,FALSE,,,,,,FALSE,,,,
,,,,FALSE,,,,,,,FALSE,,,,,,FALSE,,,,,,FALSE,,,,
,,,,FALSE,,,,,,,FALSE,,,,,,FALSE,,,,,,FALSE,,,,
,,,,FALSE,,,,,,,FALSE,,,,,,FALSE,,,,,,FALSE,,,,
,,,,FALSE,,,,,,,FALSE,,,,,,FALSE,,,,,,FALSE,,,,
,,,,FALSE,,,,,,,FALSE,,,,,,FALSE,,,,,,FALSE,,,,
,,,,FALSE,,,,,,,FALSE,,,,,,FALSE,,,,,,FALSE,,,,
,,,,FALSE,,,,,,,FALSE,,,,,,FALSE,,,,,,FALSE,,,,
,,,,FALSE,,,,,,,FALSE,,,,,,FALSE,,,,,,FALSE,,,,
,,,,FALSE,,,,,,,FALSE,,,,,,FALSE,,,,,,FALSE,,,,
,,,,FALSE,,,,,,,FALSE,,,,,,FALSE,,,,,,FALSE,,,,
,,,,FALSE,,,,,,,FALSE,,,,,,FALSE,,,,,,FALSE,,,,
,,,,FALSE,,,,,,,FALSE,,,,,,FALSE,,,,,,FALSE,,,,
,,,,FALSE,,,,,,,FALSE,,,,,,FALSE,,,,,,FALSE,,,,
,,,,FALSE,,,,,,,FALSE,,,,,,FALSE,,,,,,FALSE,,,,
,,,,FALSE,,,,,,,FALSE,,,,,,FALSE,,,,,,FALSE,,,,
,,,,FALSE,,,,,,,FALSE,,,,,,FALSE,,,,,,FALSE,,,,
,,,,FALSE,,,,,,,FALSE,,,,,,FALSE,,,,,,FALSE,,,,
,,,,FALSE,,,,,,,FALSE,,,,,,FALSE,,,,,,FALSE,,,,
,,,,FALSE,,,,,,,FALSE,,,,,,FALSE,,,,,,FALSE,,,,
,,,,FALSE,,,,,,,FALSE,,,,,,FALSE,,,,,,FALSE,,,,
,,,,FALSE,,,,,,,FALSE,,,,,,FALSE,,,,,,FALSE,,,,
,,,,FALSE,,,,,,,FALSE,,,,,,FALSE,,,,,,FALSE,,,,
,,,,FALSE,,,,,,,FALSE,,,,,,FALSE,,,,,,FALSE,,,,
,,,,FALSE,,,,,,,FALSE,,,,,,FALSE,,,,,,FALSE,,,,
,,,,FALSE,,,,,,,FALSE,,,,,,FALSE,,,,,,FALSE,,,,
,,,,FALSE,,,,,,,FALSE,,,,,,FALSE,,,,,,FALSE,,,,
,,,,FALSE,,,,,,,FALSE,,,,,,FALSE,,,,,,FALSE,,,,
,,,,FALSE,,,,,,,FALSE,,,,,,FALSE,,,,,,FALSE,,,,
,,,,FALSE,,,,,,,FALSE,,,,,,FALSE,,,,,,FALSE,,,,
,,,,FALSE,,,,,,,FALSE,,,,,,FALSE,,,,,,FALSE,,,,
,,,,FALSE,,,,,,,FALSE,,,,,,FALSE,,,,,,FALSE,,,,
,,,,FALSE,,,,,,,FALSE,,,,,,FALSE,,,,,,FALSE,,,,
,,,,FALSE,,,,,,,FALSE,,,,,,FALSE,,,,,,FALSE,,,,
,,,,FALSE,,,,,,,FALSE,,,,,,FALSE,,,,,,FALSE,,,,
,,,,FALSE,,,,,,,FALSE,,,,,,FALSE,,,,,,FALSE,,,,
,,,,FALSE,,,,,,,FALSE,,,,,,FALSE,,,,,,FALSE,,,,
,,,,FALSE,,,,,,,FALSE,,,,,,FALSE,,,,,,FALSE,,,,
,,,,FALSE,,,,,,,FALSE,,,,,,FALSE,,,,,,FALSE,,,,
,,,,FALSE,,,,,,,FALSE,,,,,,FALSE,,,,,,FALSE,,,,
,,,,FALSE,,,,,,,FALSE,,,,,,FALSE,,,,,,FALSE,,,,
,,,,FALSE,,,,,,,FALSE,,,,,,FALSE,,,,,,FALSE,,,,
,,,,FALSE,,,,,,,FALSE,,,,,,FALSE,,,,,,FALSE,,,,
,,,,FALSE,,,,,,,FALSE,,,,,,FALSE,,,,,,FALSE,,,,
,,,,FALSE,,,,,,,FALSE,,,,,,FALSE,,,,,,FALSE,,,,
,,,,FALSE,,,,,,,FALSE,,,,,,FALSE,,,,,,FALSE,,,,
,,,,FALSE,,,,,,,FALSE,,,,,,FALSE,,,,,,FALSE,,,,
,,,,FALSE,,,,,,,FALSE,,,,,,FALSE,,,,,,FALSE,,,,
,,,,FALSE,,,,,,,FALSE,,,,,,FALSE,,,,,,FALSE,,,,
,,,,FALSE,,,,,,,FALSE,,,,,,FALSE,,,,,,FALSE,,,,
,,,,FALSE,,,,,,,FALSE,,,,,,FALSE,,,,,,FALSE,,,,
,,,,FALSE,,,,,,,FALSE,,,,,,FALSE,,,,,,FALSE,,,,
,,,,FALSE,,,,,,,FALSE,,,,,,FALSE,,,,,,FALSE,,,,
,,,,FALSE,,,,,,,FALSE,,,,,,FALSE,,,,,,FALSE,,,,
,,,,FALSE,,,,,,,FALSE,,,,,,FALSE,,,,,,FALSE,,,,
,,,,FALSE,,,,,,,FALSE,,,,,,FALSE,,,,,,FALSE,,,,
,,,,FALSE,,,,,,,FALSE,,,,,,FALSE,,,,,,FALSE,,,,
,,,,FALSE,,,,,,,FALSE,,,,,,FALSE,,,,,,FALSE,,,,
,,,,FALSE,,,,,,,FALSE,,,,,,FALSE,,,,,,FALSE,,,,
,,,,FALSE,,,,,,,FALSE,,,,,,FALSE,,,,,,FALSE,,,,
,,,,FALSE,,,,,,,FALSE,,,,,,FALSE,,,,,,FALSE,,,,
,,,,FALSE,,,,,,,FALSE,,,,,,FALSE,,,,,,FALSE,,,,
,,,,FALSE,,,,,,,FALSE,,,,,,FALSE,,,,,,FALSE,,,,
,,,,FALSE,,,,,,,FALSE,,,,,,FALSE,,,,,,FALSE,,,,
,,,,FALSE,,,,,,,FALSE,,,,,,FALSE,,,,,,FALSE,,,,
,,,,FALSE,,,,,,,FALSE,,,,,,FALSE,,,,,,FALSE,,,,
,,,,FALSE,,,,,,,FALSE,,,,,,FALSE,,,,,,FALSE,,,,
,,,,FALSE,,,,,,,FALSE,,,,,,FALSE,,,,,,FALSE,,,,
,,,,FALSE,,,,,,,FALSE,,,,,,FALSE,,,,,,FALSE,,,,
,,,,FALSE,,,,,,,FALSE,,,,,,FALSE,,,,,,FALSE,,,,
,,,,FALSE,,,,,,,FALSE,,,,,,FALSE,,,,,,FALSE,,,,
,,,,FALSE,,,,,,,FALSE,,,,,,FALSE,,,,,,FALSE,,,,
,,,,FALSE,,,,,,,FALSE,,,,,,FALSE,,,,,,FALSE,,,,
,,,,FALSE,,,,,,,FALSE,,,,,,FALSE,,,,,,FALSE,,,,
,,,,FALSE,,,,,,,FALSE,,,,,,FALSE,,,,,,FALSE,,,,
,,,,FALSE,,,,,,,FALSE,,,,,,FALSE,,,,,,FALSE,,,,
,,,,FALSE,,,,,,,FALSE,,,,,,FALSE,,,,,,FALSE,,,,
,,,,FALSE,,,,,,,FALSE,,,,,,FALSE,,,,,,FALSE,,,,
,,,,FALSE,,,,,,,FALSE,,,,,,FALSE,,,,,,FALSE,,,,
,,,,FALSE,,,,,,,FALSE,,,,,,FALSE,,,,,,FALSE,,,,
,,,,FALSE,,,,,,,FALSE,,,,,,FALSE,,,,,,FALSE,,,,
,,,,FALSE,,,,,,,FALSE,,,,,,FALSE,,,,,,FALSE,,,,
,,,,FALSE,,,,,,,FALSE,,,,,,FALSE,,,,,,FALSE,,,,
,,,,FALSE,,,,,,,FALSE,,,,,,FALSE,,,,,,FALSE,,,,
,,,,FALSE,,,,,,,FALSE,,,,,,FALSE,,,,,,FALSE,,,,
,,,,FALSE,,,,,,,FALSE,,,,,,FALSE,,,,,,FALSE,,,,
,,,,FALSE,,,,,,,FALSE,,,,,,FALSE,,,,,,FALSE,,,,
,,,,FALSE,,,,,,,FALSE,,,,,,FALSE,,,,,,FALSE,,,,
,,,,FALSE,,,,,,,FALSE,,,,,,FALSE,,,,,,FALSE,,,,
,,,,FALSE,,,,,,,FALSE,,,,,,FALSE,,,,,,FALSE,,,,
,,,,FALSE,,,,,,,FALSE,,,,,,FALSE,,,,,,FALSE,,,,
,,,,FALSE,,,,,,,FALSE,,,,,,FALSE,,,,,,FALSE,,,,
,,,,FALSE,,,,,,,FALSE,,,,,,FALSE,,,,,,FALSE,,,,
,,,,FALSE,,,,,,,FALSE,,,,,,FALSE,,,,,,FALSE,,,,
,,,,FALSE,,,,,,,FALSE,,,,,,FALSE,,,,,,FALSE,,,,
,,,,FALSE,,,,,,,FALSE,,,,,,FALSE,,,,,,FALSE,,,,
,,,,FALSE,,,,,,,FALSE,,,,,,FALSE,,,,,,FALSE,,,,
,,,,FALSE,,,,,,,FALSE,,,,,,FALSE,,,,,,FALSE,,,,
,,,,FALSE,,,,,,,FALSE,,,,,,FALSE,,,,,,FALSE,,,,
,,,,FALSE,,,,,,,FALSE,,,,,,FALSE,,,,,,FALSE,,,,
,,,,FALSE,,,,,,,FALSE,,,,,,FALSE,,,,,,FALSE,,,,
,,,,FALSE,,,,,,,FALSE,,,,,,FALSE,,,,,,FALSE,,,,
,,,,FALSE,,,,,,,FALSE,,,,,,FALSE,,,,,,FALSE,,,,
,,,,FALSE,,,,,,,FALSE,,,,,,FALSE,,,,,,FALSE,,,,
,,,,FALSE,,,,,,,FALSE,,,,,,FALSE,,,,,,FALSE,,,,
,,,,FALSE,,,,,,,FALSE,,,,,,FALSE,,,,,,FALSE,,,,
,,,,FALSE,,,,,,,FALSE,,,,,,FALSE,,,,,,FALSE,,,,
,,,,FALSE,,,,,,,FALSE,,,,,,FALSE,,,,,,FALSE,,,,
,,,,FALSE,,,,,,,FALSE,,,,,,FALSE,,,,,,FALSE,,,,
,,,,FALSE,,,,,,,FALSE,,,,,,FALSE,,,,,,FALSE,,,,
,,,,FALSE,,,,,,,FALSE,,,,,,FALSE,,,,,,FALSE,,,,
,,,,FALSE,,,,,,,FALSE,,,,,,FALSE,,,,,,FALSE,,,,
,,,,FALSE,,,,,,,FALSE,,,,,,FALSE,,,,,,FALSE,,,,
,,,,FALSE,,,,,,,FALSE,,,,,,FALSE,,,,,,FALSE,,,,
,,,,FALSE,,,,,,,FALSE,,,,,,FALSE,,,,,,FALSE,,,,
,,,,FALSE,,,,,,,FALSE,,,,,,FALSE,,,,,,FALSE,,,,
,,,,FALSE,,,,,,,FALSE,,,,,,FALSE,,,,,,FALSE,,,,
,,,,FALSE,,,,,,,FALSE,,,,,,FALSE,,,,,,FALSE,,,,
,,,,FALSE,,,,,,,FALSE,,,,,,FALSE,,,,,,FALSE,,,,
,,,,FALSE,,,,,,,FALSE,,,,,,FALSE,,,,,,FALSE,,,,
,,,,FALSE,,,,,,,FALSE,,,,,,FALSE,,,,,,FALSE,,,,
,,,,FALSE,,,,,,,FALSE,,,,,,FALSE,,,,,,FALSE,,,,
,,,,FALSE,,,,,,,FALSE,,,,,,FALSE,,,,,,FALSE,,,,
,,,,FALSE,,,,,,,FALSE,,,,,,FALSE,,,,,,FALSE,,,,
,,,,FALSE,,,,,,,FALSE,,,,,,FALSE,,,,,,FALSE,,,,
,,,,FALSE,,,,,,,FALSE,,,,,,FALSE,,,,,,FALSE,,,,
,,,,FALSE,,,,,,,FALSE,,,,,,FALSE,,,,,,FALSE,,,,
,,,,FALSE,,,,,,,FALSE,,,,,,FALSE,,,,,,FALSE,,,,
,,,,FALSE,,,,,,,FALSE,,,,,,FALSE,,,,,,FALSE,,,,
,,,,FALSE,,,,,,,FALSE,,,,,,FALSE,,,,,,FALSE,,,,
,,,,FALSE,,,,,,,FALSE,,,,,,FALSE,,,,,,FALSE,,,,
,,,,FALSE,,,,,,,FALSE,,,,,,FALSE,,,,,,FALSE,,,,
,,,,FALSE,,,,,,,FALSE,,,,,,FALSE,,,,,,FALSE,,,,
,,,,FALSE,,,,,,,FALSE,,,,,,FALSE,,,,,,FALSE,,,,
,,,,FALSE,,,,,,,FALSE,,,,,,FALSE,,,,,,FALSE,,,,
,,,,FALSE,,,,,,,FALSE,,,,,,FALSE,,,,,,FALSE,,,,
,,,,FALSE,,,,,,,FALSE,,,,,,FALSE,,,,,,FALSE,,,,
,,,,FALSE,,,,,,,FALSE,,,,,,FALSE,,,,,,FALSE,,,,
,,,,FALSE,,,,,,,FALSE,,,,,,FALSE,,,,,,FALSE,,,,
,,,,FALSE,,,,,,,FALSE,,,,,,FALSE,,,,,,FALSE,,,,
,,,,FALSE,,,,,,,FALSE,,,,,,FALSE,,,,,,FALSE,,,,
,,,,FALSE,,,,,,,FALSE,,,,,,FALSE,,,,,,FALSE,,,,
,,,,FALSE,,,,,,,FALSE,,,,,,FALSE,,,,,,FALSE,,,,
,,,,FALSE,,,,,,,FALSE,,,,,,FALSE,,,,,,FALSE,,,,
,,,,FALSE,,,,,,,FALSE,,,,,,FALSE,,,,,,FALSE,,,,
,,,,FALSE,,,,,,,FALSE,,,,,,FALSE,,,,,,FALSE,,,,
,,,,FALSE,,,,,,,FALSE,,,,,,FALSE,,,,,,FALSE,,,,
,,,,FALSE,,,,,,,FALSE,,,,,,FALSE,,,,,,FALSE,,,,
,,,,FALSE,,,,,,,FALSE,,,,,,FALSE,,,,,,FALSE,,,,
,,,,FALSE,,,,,,,FALSE,,,,,,FALSE,,,,,,FALSE,,,,
,,,,FALSE,,,,,,,FALSE,,,,,,FALSE,,,,,,FALSE,,,,
,,,,FALSE,,,,,,,FALSE,,,,,,FALSE,,,,,,FALSE,,,,
,,,,FALSE,,,,,,,FALSE,,,,,,FALSE,,,,,,FALSE,,,,
,,,,FALSE,,,,,,,FALSE,,,,,,FALSE,,,,,,FALSE,,,,
,,,,FALSE,,,,,,,FALSE,,,,,,FALSE,,,,,,FALSE,,,,
,,,,FALSE,,,,,,,FALSE,,,,,,FALSE,,,,,,FALSE,,,,
,,,,FALSE,,,,,,,FALSE,,,,,,FALSE,,,,,,FALSE,,,,
,,,,FALSE,,,,,,,FALSE,,,,,,FALSE,,,,,,FALSE,,,,
,,,,FALSE,,,,,,,FALSE,,,,,,FALSE,,,,,,FALSE,,,,
,,,,FALSE,,,,,,,FALSE,,,,,,FALSE,,,,,,FALSE,,,,
,,,,FALSE,,,,,,,FALSE,,,,,,FALSE,,,,,,FALSE,,,,
,,,,FALSE,,,,,,,FALSE,,,,,,FALSE,,,,,,FALSE,,,,
,,,,FALSE,,,,,,,FALSE,,,,,,FALSE,,,,,,FALSE,,,,
,,,,FALSE,,,,,,,FALSE,,,,,,FALSE,,,,,,FALSE,,,,
,,,,FALSE,,,,,,,FALSE,,,,,,FALSE,,,,,,FALSE,,,,
,,,,FALSE,,,,,,,FALSE,,,,,,FALSE,,,,,,FALSE,,,,
,,,,FALSE,,,,,,,FALSE,,,,,,FALSE,,,,,,FALSE,,,,
,,,,FALSE,,,,,,,FALSE,,,,,,FALSE,,,,,,FALSE,,,,
,,,,FALSE,,,,,,,FALSE,,,,,,FALSE,,,,,,FALSE,,,,
,,,,FALSE,,,,,,,FALSE,,,,,,FALSE,,,,,,FALSE,,,,
,,,,FALSE,,,,,,,FALSE,,,,,,FALSE,,,,,,FALSE,,,,
,,,,FALSE,,,,,,,FALSE,,,,,,FALSE,,,,,,FALSE,,,,
,,,,FALSE,,,,,,,FALSE,,,,,,FALSE,,,,,,FALSE,,,,
,,,,FALSE,,,,,,,FALSE,,,,,,FALSE,,,,,,FALSE,,,,
,,,,FALSE,,,,,,,FALSE,,,,,,FALSE,,,,,,FALSE,,,,
,,,,FALSE,,,,,,,FALSE,,,,,,FALSE,,,,,,FALSE,,,,
,,,,FALSE,,,,,,,FALSE,,,,,,FALSE,,,,,,FALSE,,,,
,,,,FALSE,,,,,,,FALSE,,,,,,FALSE,,,,,,FALSE,,,,
,,,,FALSE,,,,,,,FALSE,,,,,,FALSE,,,,,,FALSE,,,,
,,,,FALSE,,,,,,,FALSE,,,,,,FALSE,,,,,,FALSE,,,,
,,,,FALSE,,,,,,,FALSE,,,,,,FALSE,,,,,,FALSE,,,,
,,,,FALSE,,,,,,,FALSE,,,,,,FALSE,,,,,,FALSE,,,,
,,,,FALSE,,,,,,,FALSE,,,,,,FALSE,,,,,,FALSE,,,,
,,,,FALSE,,,,,,,FALSE,,,,,,FALSE,,,,,,FALSE,,,,
,,,,FALSE,,,,,,,FALSE,,,,,,FALSE,,,,,,FALSE,,,,
,,,,FALSE,,,,,,,FALSE,,,,,,FALSE,,,,,,FALSE,,,,
,,,,FALSE,,,,,,,FALSE,,,,,,FALSE,,,,,,FALSE,,,,
,,,,FALSE,,,,,,,FALSE,,,,,,FALSE,,,,,,FALSE,,,,
,,,,FALSE,,,,,,,FALSE,,,,,,FALSE,,,,,,FALSE,,,,
,,,,FALSE,,,,,,,FALSE,,,,,,FALSE,,,,,,FALSE,,,,
,,,,FALSE,,,,,,,FALSE,,,,,,FALSE,,,,,,FALSE,,,,
,,,,FALSE,,,,,,,FALSE,,,,,,FALSE,,,,,,FALSE,,,,
,,,,FALSE,,,,,,,FALSE,,,,,,FALSE,,,,,,FALSE,,,,
,,,,FALSE,,,,,,,FALSE,,,,,,FALSE,,,,,,FALSE,,,,
,,,,FALSE,,,,,,,FALSE,,,,,,FALSE,,,,,,FALSE,,,,
,,,,FALSE,,,,,,,FALSE,,,,,,FALSE,,,,,,FALSE,,,,
,,,,FALSE,,,,,,,FALSE,,,,,,FALSE,,,,,,FALSE,,,,
,,,,FALSE,,,,,,,FALSE,,,,,,FALSE,,,,,,FALSE,,,,
,,,,FALSE,,,,,,,FALSE,,,,,,FALSE,,,,,,FALSE,,,,
,,,,FALSE,,,,,,,FALSE,,,,,,FALSE,,,,,,FALSE,,,,
,,,,FALSE,,,,,,,FALSE,,,,,,FALSE,,,,,,FALSE,,,,
,,,,FALSE,,,,,,,FALSE,,,,,,FALSE,,,,,,FALSE,,,,
,,,,FALSE,,,,,,,FALSE,,,,,,FALSE,,,,,,FALSE,,,,
,,,,FALSE,,,,,,,FALSE,,,,,,FALSE,,,,,,FALSE,,,,
,,,,FALSE,,,,,,,FALSE,,,,,,FALSE,,,,,,FALSE,,,,
,,,,FALSE,,,,,,,FALSE,,,,,,FALSE,,,,,,FALSE,,,,
,,,,FALSE,,,,,,,FALSE,,,,,,FALSE,,,,,,FALSE,,,,
,,,,FALSE,,,,,,,FALSE,,,,,,FALSE,,,,,,FALSE,,,,
,,,,FALSE,,,,,,,FALSE,,,,,,FALSE,,,,,,FALSE,,,,
,,,,FALSE,,,,,,,FALSE,,,,,,FALSE,,,,,,FALSE,,,,
,,,,FALSE,,,,,,,FALSE,,,,,,FALSE,,,,,,FALSE,,,,
,,,,FALSE,,,,,,,FALSE,,,,,,FALSE,,,,,,FALSE,,,,
,,,,FALSE,,,,,,,FALSE,,,,,,FALSE,,,,,,FALSE,,,,
,,,,FALSE,,,,,,,FALSE,,,,,,FALSE,,,,,,FALSE,,,,
,,,,FALSE,,,,,,,FALSE,,,,,,FALSE,,,,,,FALSE,,,,
,,,,FALSE,,,,,,,FALSE,,,,,,FALSE,,,,,,FALSE,,,,
,,,,FALSE,,,,,,,FALSE,,,,,,FALSE,,,,,,FALSE,,,,
,,,,FALSE,,,,,,,FALSE,,,,,,FALSE,,,,,,FALSE,,,,
,,,,FALSE,,,,,,,FALSE,,,,,,FALSE,,,,,,FALSE,,,,
,,,,FALSE,,,,,,,FALSE,,,,,,FALSE,,,,,,FALSE,,,,
,,,,FALSE,,,,,,,FALSE,,,,,,FALSE,,,,,,FALSE,,,,
,,,,FALSE,,,,,,,FALSE,,,,,,FALSE,,,,,,FALSE,,,,
,,,,FALSE,,,,,,,FALSE,,,,,,FALSE,,,,,,FALSE,,,,
,,,,FALSE,,,,,,,FALSE,,,,,,FALSE,,,,,,FALSE,,,,
,,,,FALSE,,,,,,,FALSE,,,,,,FALSE,,,,,,FALSE,,,,
,,,,FALSE,,,,,,,FALSE,,,,,,FALSE,,,,,,FALSE,,,,
,,,,FALSE,,,,,,,FALSE,,,,,,FALSE,,,,,,FALSE,,,,
,,,,FALSE,,,,,,,FALSE,,,,,,FALSE,,,,,,FALSE,,,,
,,,,FALSE,,,,,,,FALSE,,,,,,FALSE,,,,,,FALSE,,,,
,,,,FALSE,,,,,,,FALSE,,,,,,FALSE,,,,,,FALSE,,,,
,,,,FALSE,,,,,,,FALSE,,,,,,FALSE,,,,,,FALSE,,,,
,,,,FALSE,,,,,,,FALSE,,,,,,FALSE,,,,,,FALSE,,,,
,,,,FALSE,,,,,,,FALSE,,,,,,FALSE,,,,,,FALSE,,,,
,,,,FALSE,,,,,,,FALSE,,,,,,FALSE,,,,,,FALSE,,,,
,,,,FALSE,,,,,,,FALSE,,,,,,FALSE,,,,,,FALSE,,,,
,,,,FALSE,,,,,,,FALSE,,,,,,FALSE,,,,,,FALSE,,,,
,,,,FALSE,,,,,,,FALSE,,,,,,FALSE,,,,,,FALSE,,,,
,,,,FALSE,,,,,,,FALSE,,,,,,FALSE,,,,,,FALSE,,,,
,,,,FALSE,,,,,,,FALSE,,,,,,FALSE,,,,,,FALSE,,,,
,,,,FALSE,,,,,,,FALSE,,,,,,FALSE,,,,,,FALSE,,,,
,,,,FALSE,,,,,,,FALSE,,,,,,FALSE,,,,,,FALSE,,,,
,,,,FALSE,,,,,,,FALSE,,,,,,FALSE,,,,,,FALSE,,,,
,,,,FALSE,,,,,,,FALSE,,,,,,FALSE,,,,,,FALSE,,,,
,,,,FALSE,,,,,,,FALSE,,,,,,FALSE,,,,,,FALSE,,,,
,,,,FALSE,,,,,,,FALSE,,,,,,FALSE,,,,,,FALSE,,,,
,,,,FALSE,,,,,,,FALSE,,,,,,FALSE,,,,,,FALSE,,,,
,,,,FALSE,,,,,,,FALSE,,,,,,FALSE,,,,,,FALSE,,,,
,,,,FALSE,,,,,,,FALSE,,,,,,FALSE,,,,,,FALSE,,,,
,,,,FALSE,,,,,,,FALSE,,,,,,FALSE,,,,,,FALSE,,,,
,,,,FALSE,,,,,,,FALSE,,,,,,FALSE,,,,,,FALSE,,,,
,,,,FALSE,,,,,,,FALSE,,,,,,FALSE,,,,,,FALSE,,,,
,,,,FALSE,,,,,,,FALSE,,,,,,FALSE,,,,,,FALSE,,,,
,,,,FALSE,,,,,,,FALSE,,,,,,FALSE,,,,,,FALSE,,,,
,,,,FALSE,,,,,,,FALSE,,,,,,FALSE,,,,,,FALSE,,,,
,,,,FALSE,,,,,,,FALSE,,,,,,FALSE,,,,,,FALSE,,,,
,,,,FALSE,,,,,,,FALSE,,,,,,FALSE,,,,,,FALSE,,,,
,,,,FALSE,,,,,,,FALSE,,,,,,FALSE,,,,,,FALSE,,,,
,,,,FALSE,,,,,,,FALSE,,,,,,FALSE,,,,,,FALSE,,,,
,,,,FALSE,,,,,,,FALSE,,,,,,FALSE,,,,,,FALSE,,,,
,,,,FALSE,,,,,,,FALSE,,,,,,FALSE,,,,,,FALSE,,,,
,,,,FALSE,,,,,,,FALSE,,,,,,FALSE,,,,,,FALSE,,,,
,,,,FALSE,,,,,,,FALSE,,,,,,FALSE,,,,,,FALSE,,,,
,,,,FALSE,,,,,,,FALSE,,,,,,FALSE,,,,,,FALSE,,,,
,,,,FALSE,,,,,,,FALSE,,,,,,FALSE,,,,,,FALSE,,,,
,,,,FALSE,,,,,,,FALSE,,,,,,FALSE,,,,,,FALSE,,,,
,,,,FALSE,,,,,,,FALSE,,,,,,FALSE,,,,,,FALSE,,,,
,,,,FALSE,,,,,,,FALSE,,,,,,FALSE,,,,,,FALSE,,,,
,,,,FALSE,,,,,,,FALSE,,,,,,FALSE,,,,,,FALSE,,,,